M,alpha,seed,fold,n_train_groups,n_test_groups,balanced_acc,runtime_sec
64,0.0,42,1,204,52,0.4230769230769231,0.24448132514953613
64,0.0,42,2,205,51,0.5676923076923077,0.22142457962036133
64,0.0,42,3,205,51,0.5092307692307692,0.22124290466308594
64,0.0,42,4,205,51,0.4907692307692308,0.2201385498046875
64,0.0,42,5,205,51,0.41307692307692306,0.22210025787353516
64,0.01,42,1,204,52,0.7115384615384615,0.21750450134277344
64,0.01,42,2,205,51,0.803076923076923,0.21444416046142578
64,0.01,42,3,205,51,0.6446153846153846,0.21336889266967773
64,0.01,42,4,205,51,0.61,0.21508121490478516
64,0.01,42,5,205,51,0.5900000000000001,0.21421146392822266
64,0.02,42,1,204,52,0.6923076923076923,0.21858429908752441
64,0.02,42,2,205,51,0.8423076923076923,0.22062468528747559
64,0.02,42,3,205,51,0.6446153846153846,0.21428132057189941
64,0.02,42,4,205,51,0.6492307692307693,0.2142775058746338
64,0.02,42,5,205,51,0.6307692307692307,0.22084903717041016
64,0.05,42,1,204,52,0.7884615384615385,0.2169632911682129
64,0.05,42,2,205,51,0.8807692307692307,0.22008109092712402
64,0.05,42,3,205,51,0.6838461538461539,0.2547740936279297
64,0.05,42,4,205,51,0.6892307692307692,0.21648907661437988
64,0.05,42,5,205,51,0.6892307692307692,0.2298421859741211
64,0.1,42,1,204,52,0.8653846153846154,0.21985864639282227
64,0.1,42,2,205,51,0.8430769230769231,0.2150287628173828
64,0.1,42,3,205,51,0.7607692307692309,0.21838855743408203
64,0.1,42,4,205,51,0.8061538461538462,0.21379423141479492
64,0.1,42,5,205,51,0.7084615384615385,0.21475720405578613
64,0.2,42,1,204,52,0.9230769230769231,0.21088385581970215
64,0.2,42,2,205,51,0.9007692307692308,0.21868348121643066
64,0.2,42,3,205,51,0.8807692307692307,0.2202308177947998
64,0.2,42,4,205,51,0.8446153846153847,0.21579360961914062
64,0.2,42,5,205,51,0.8453846153846154,0.21984100341796875
64,0.5,42,1,204,52,0.9615384615384616,0.2240922451019287
64,0.5,42,2,205,51,0.9615384615384616,0.21687769889831543
64,0.5,42,3,205,51,0.96,0.21608304977416992
64,0.5,42,4,205,51,0.9615384615384616,0.21374273300170898
64,0.5,42,5,205,51,1.0,0.21834707260131836
64,1.0,42,1,204,52,1.0,0.21045422554016113
64,1.0,42,2,205,51,0.9807692307692308,0.20877289772033691
64,1.0,42,3,205,51,1.0,0.21755385398864746
64,1.0,42,4,205,51,1.0,0.2118701934814453
64,1.0,42,5,205,51,1.0,0.22035646438598633
256,0.0,42,1,51,13,0.6071428571428572,0.21588563919067383
256,0.0,42,2,51,13,0.23809523809523808,0.1996445655822754
256,0.0,42,3,51,13,0.47619047619047616,0.2149670124053955
256,0.0,42,4,51,13,0.369047619047619,0.210160493850708
256,0.0,42,5,52,12,0.41666666666666663,0.20737409591674805
256,0.01,42,1,51,13,0.6071428571428572,0.21549725532531738
256,0.01,42,2,51,13,0.39285714285714285,0.20813727378845215
256,0.01,42,3,51,13,0.47619047619047616,0.20535039901733398
256,0.01,42,4,51,13,0.45238095238095233,0.21443700790405273
256,0.01,42,5,52,12,0.3333333333333333,0.19612360000610352
256,0.02,42,1,51,13,0.6071428571428572,0.20656085014343262
256,0.02,42,2,51,13,0.30952380952380953,0.20627284049987793
256,0.02,42,3,51,13,0.40476190476190477,0.1959366798400879
256,0.02,42,4,51,13,0.5238095238095238,0.202620267868042
256,0.02,42,5,52,12,0.41666666666666663,0.21341586112976074
256,0.05,42,1,51,13,0.6904761904761905,0.21171283721923828
256,0.05,42,2,51,13,0.38095238095238093,0.20949172973632812
256,0.05,42,3,51,13,0.47619047619047616,0.21350502967834473
256,0.05,42,4,51,13,0.45238095238095233,0.19584226608276367
256,0.05,42,5,52,12,0.41666666666666663,0.2158651351928711
256,0.1,42,1,51,13,0.7738095238095238,0.21175670623779297
256,0.1,42,2,51,13,0.4642857142857143,0.24454379081726074
256,0.1,42,3,51,13,0.7023809523809523,0.20366692543029785
256,0.1,42,4,51,13,0.6190476190476191,0.2090625762939453
256,0.1,42,5,52,12,0.5,0.20822668075561523
256,0.2,42,1,51,13,0.9166666666666667,0.2023482322692871
256,0.2,42,2,51,13,0.8571428571428572,0.19617342948913574
256,0.2,42,3,51,13,0.8452380952380952,0.21207094192504883
256,0.2,42,4,51,13,0.7738095238095238,0.20068144798278809
256,0.2,42,5,52,12,0.75,0.2019972801208496
256,0.5,42,1,51,13,1.0,0.20426321029663086
256,0.5,42,2,51,13,1.0,0.2032930850982666
256,0.5,42,3,51,13,1.0,0.20431923866271973
256,0.5,42,4,51,13,0.9166666666666667,0.1969308853149414
256,0.5,42,5,52,12,1.0,0.21099328994750977
256,1.0,42,1,51,13,1.0,0.1973717212677002
256,1.0,42,2,51,13,1.0,0.19729924201965332
256,1.0,42,3,51,13,1.0,0.20408010482788086
256,1.0,42,4,51,13,1.0,0.1953873634338379
256,1.0,42,5,52,12,1.0,0.20409178733825684
64,0.0,43,1,204,52,0.40384615384615385,0.21570134162902832
64,0.0,43,2,205,51,0.4707692307692308,0.21132731437683105
64,0.0,43,3,205,51,0.5692307692307692,0.2192230224609375
64,0.0,43,4,205,51,0.6476923076923078,0.21489787101745605
64,0.0,43,5,205,51,0.5092307692307692,0.2152254581451416
64,0.01,43,1,204,52,0.5961538461538461,0.2210071086883545
64,0.01,43,2,205,51,0.5869230769230769,0.21094012260437012
64,0.01,43,3,205,51,0.6461538461538461,0.22404098510742188
64,0.01,43,4,205,51,0.7461538461538462,0.21931076049804688
64,0.01,43,5,205,51,0.7646153846153847,0.2208092212677002
64,0.02,43,1,204,52,0.6153846153846154,0.21920228004455566
64,0.02,43,2,205,51,0.5869230769230769,0.21107912063598633
64,0.02,43,3,205,51,0.7261538461538461,0.21808505058288574
64,0.02,43,4,205,51,0.7853846153846153,0.21779727935791016
64,0.02,43,5,205,51,0.7846153846153847,0.2115485668182373
64,0.05,43,1,204,52,0.6346153846153846,0.21843767166137695
64,0.05,43,2,205,51,0.6269230769230769,0.21904826164245605
64,0.05,43,3,205,51,0.803076923076923,0.21673369407653809
64,0.05,43,4,205,51,0.8253846153846154,0.22202777862548828
64,0.05,43,5,205,51,0.7846153846153847,0.21364784240722656
64,0.1,43,1,204,52,0.6538461538461539,0.21957755088806152
64,0.1,43,2,205,51,0.7253846153846153,0.21327781677246094
64,0.1,43,3,205,51,0.8823076923076922,0.2151470184326172
64,0.1,43,4,205,51,0.8046153846153846,0.21835112571716309
64,0.1,43,5,205,51,0.8430769230769231,0.21834254264831543
64,0.2,43,1,204,52,0.8076923076923077,0.22572851181030273
64,0.2,43,2,205,51,0.7638461538461538,0.21813464164733887
64,0.2,43,3,205,51,0.9023076923076923,0.2386183738708496
64,0.2,43,4,205,51,0.823076923076923,0.21506619453430176
64,0.2,43,5,205,51,0.8830769230769231,0.22134137153625488
64,0.5,43,1,204,52,0.9038461538461539,0.22104859352111816
64,0.5,43,2,205,51,0.9607692307692308,0.2171323299407959
64,0.5,43,3,205,51,0.98,0.21336030960083008
64,0.5,43,4,205,51,0.9607692307692308,0.22018814086914062
64,0.5,43,5,205,51,0.8823076923076922,0.21264171600341797
64,1.0,43,1,204,52,1.0,0.19945192337036133
64,1.0,43,2,205,51,1.0,0.22362089157104492
64,1.0,43,3,205,51,1.0,0.21609878540039062
64,1.0,43,4,205,51,1.0,0.22387290000915527
64,1.0,43,5,205,51,0.98,0.21508264541625977
256,0.0,43,1,51,13,0.3214285714285714,0.20934057235717773
256,0.0,43,2,51,13,0.39285714285714285,0.21541929244995117
256,0.0,43,3,51,13,0.6309523809523809,0.2056276798248291
256,0.0,43,4,51,13,0.38095238095238093,0.21193218231201172
256,0.0,43,5,52,12,0.3333333333333333,0.2278270721435547
256,0.01,43,1,51,13,0.3214285714285714,0.20822763442993164
256,0.01,43,2,51,13,0.39285714285714285,0.21944022178649902
256,0.01,43,3,51,13,0.5476190476190476,0.22209858894348145
256,0.01,43,4,51,13,0.38095238095238093,0.2180931568145752
256,0.01,43,5,52,12,0.3333333333333333,0.21913743019104004
256,0.02,43,1,51,13,0.3214285714285714,0.21564960479736328
256,0.02,43,2,51,13,0.39285714285714285,0.22976016998291016
256,0.02,43,3,51,13,0.4642857142857143,0.21937298774719238
256,0.02,43,4,51,13,0.39285714285714285,0.22333121299743652
256,0.02,43,5,52,12,0.41666666666666663,0.2072761058807373
256,0.05,43,1,51,13,0.39285714285714285,0.2147364616394043
256,0.05,43,2,51,13,0.39285714285714285,0.19822049140930176
256,0.05,43,3,51,13,0.39285714285714285,0.22708630561828613
256,0.05,43,4,51,13,0.39285714285714285,0.19614791870117188
256,0.05,43,5,52,12,0.3333333333333333,0.21474957466125488
256,0.1,43,1,51,13,0.47619047619047616,0.21576499938964844
256,0.1,43,2,51,13,0.5595238095238095,0.19577336311340332
256,0.1,43,3,51,13,0.39285714285714285,0.2106776237487793
256,0.1,43,4,51,13,0.5714285714285714,0.21032953262329102
256,0.1,43,5,52,12,0.5,0.2138228416442871
256,0.2,43,1,51,13,0.6071428571428572,0.19446492195129395
256,0.2,43,2,51,13,0.7857142857142857,0.22313952445983887
256,0.2,43,3,51,13,0.7023809523809523,0.20610928535461426
256,0.2,43,4,51,13,0.7023809523809523,0.21129226684570312
256,0.2,43,5,52,12,0.75,0.22317218780517578
256,0.5,43,1,51,13,1.0,0.20416903495788574
256,0.5,43,2,51,13,0.9285714285714286,0.1986844539642334
256,0.5,43,3,51,13,0.9285714285714286,0.20184922218322754
256,0.5,43,4,51,13,1.0,0.20518922805786133
256,0.5,43,5,52,12,0.8333333333333334,0.19594192504882812
256,1.0,43,1,51,13,1.0,0.1943531036376953
256,1.0,43,2,51,13,1.0,0.20186161994934082
256,1.0,43,3,51,13,1.0,0.19680500030517578
256,1.0,43,4,51,13,1.0,0.1986677646636963
256,1.0,43,5,52,12,0.9166666666666667,0.2026371955871582
64,0.0,44,1,204,52,0.4423076923076923,0.22379326820373535
64,0.0,44,2,205,51,0.37384615384615383,0.22032880783081055
64,0.0,44,3,205,51,0.53,0.2143237590789795
64,0.0,44,4,205,51,0.3523076923076923,0.2125720977783203
64,0.0,44,5,205,51,0.37,0.22855424880981445
64,0.01,44,1,204,52,0.6538461538461539,0.21949267387390137
64,0.01,44,2,205,51,0.5715384615384616,0.21213269233703613
64,0.01,44,3,205,51,0.6861538461538461,0.23029613494873047
64,0.01,44,4,205,51,0.49230769230769234,0.22070932388305664
64,0.01,44,5,205,51,0.5876923076923077,0.21302580833435059
64,0.02,44,1,204,52,0.5769230769230769,0.21975207328796387
64,0.02,44,2,205,51,0.5707692307692308,0.21382451057434082
64,0.02,44,3,205,51,0.6646153846153846,0.21430253982543945
64,0.02,44,4,205,51,0.5307692307692308,0.21736502647399902
64,0.02,44,5,205,51,0.5692307692307692,0.22365903854370117
64,0.05,44,1,204,52,0.7115384615384615,0.2180626392364502
64,0.05,44,2,205,51,0.6307692307692307,0.21228480339050293
64,0.05,44,3,205,51,0.7453846153846153,0.21741819381713867
64,0.05,44,4,205,51,0.5907692307692307,0.21928858757019043
64,0.05,44,5,205,51,0.7469230769230769,0.21931028366088867
64,0.1,44,1,204,52,0.7307692307692308,0.2181107997894287
64,0.1,44,2,205,51,0.6876923076923077,0.22387266159057617
64,0.1,44,3,205,51,0.7653846153846153,0.21871471405029297
64,0.1,44,4,205,51,0.686923076923077,0.22005176544189453
64,0.1,44,5,205,51,0.7461538461538462,0.21870970726013184
64,0.2,44,1,204,52,0.8076923076923077,0.21791315078735352
64,0.2,44,2,205,51,0.823076923076923,0.21403026580810547
64,0.2,44,3,205,51,0.7853846153846153,0.218672513961792
64,0.2,44,4,205,51,0.8623076923076922,0.21835899353027344
64,0.2,44,5,205,51,0.8646153846153846,0.22620153427124023
64,0.5,44,1,204,52,0.9423076923076923,0.21782779693603516
64,0.5,44,2,205,51,0.9423076923076923,0.23717403411865234
64,0.5,44,3,205,51,0.9607692307692308,0.24912309646606445
64,0.5,44,4,205,51,0.98,0.22755050659179688
64,0.5,44,5,205,51,0.9607692307692308,0.21995329856872559
64,1.0,44,1,204,52,0.9807692307692308,0.23128318786621094
64,1.0,44,2,205,51,1.0,0.21246647834777832
64,1.0,44,3,205,51,1.0,0.21906542778015137
64,1.0,44,4,205,51,0.9607692307692308,0.21305251121520996
64,1.0,44,5,205,51,0.98,0.2109076976776123
256,0.0,44,1,51,13,0.38095238095238093,0.21309947967529297
256,0.0,44,2,51,13,0.5357142857142857,0.21097207069396973
256,0.0,44,3,51,13,0.39285714285714285,0.21365785598754883
256,0.0,44,4,51,13,0.6190476190476191,0.21143245697021484
256,0.0,44,5,52,12,0.5833333333333333,0.21206235885620117
256,0.01,44,1,51,13,0.38095238095238093,0.20752406120300293
256,0.01,44,2,51,13,0.5357142857142857,0.20100617408752441
256,0.01,44,3,51,13,0.4642857142857143,0.19722795486450195
256,0.01,44,4,51,13,0.6190476190476191,0.21680402755737305
256,0.01,44,5,52,12,0.5,0.20782899856567383
256,0.02,44,1,51,13,0.5476190476190476,0.21160554885864258
256,0.02,44,2,51,13,0.5357142857142857,0.21733784675598145
256,0.02,44,3,51,13,0.5357142857142857,0.21507525444030762
256,0.02,44,4,51,13,0.6904761904761905,0.21793508529663086
256,0.02,44,5,52,12,0.5,0.20687246322631836
256,0.05,44,1,51,13,0.48809523809523814,0.20876383781433105
256,0.05,44,2,51,13,0.6071428571428572,0.21294188499450684
256,0.05,44,3,51,13,0.5476190476190476,0.21364617347717285
256,0.05,44,4,51,13,0.6309523809523809,0.21250247955322266
256,0.05,44,5,52,12,0.5,0.20797967910766602
256,0.1,44,1,51,13,0.5595238095238095,0.2194983959197998
256,0.1,44,2,51,13,0.5238095238095238,0.21377992630004883
256,0.1,44,3,51,13,0.7023809523809523,0.20913410186767578
256,0.1,44,4,51,13,0.6309523809523809,0.21253108978271484
256,0.1,44,5,52,12,0.41666666666666663,0.2193431854248047
256,0.2,44,1,51,13,0.7857142857142857,0.20544028282165527
256,0.2,44,2,51,13,0.7023809523809523,0.19726228713989258
256,0.2,44,3,51,13,0.7619047619047619,0.22383689880371094
256,0.2,44,4,51,13,0.8452380952380952,0.19575905799865723
256,0.2,44,5,52,12,0.6666666666666667,0.21677708625793457
256,0.5,44,1,51,13,0.8571428571428572,0.19779634475708008
256,0.5,44,2,51,13,0.8452380952380952,0.19819903373718262
256,0.5,44,3,51,13,1.0,0.2288820743560791
256,0.5,44,4,51,13,0.9285714285714286,0.19987916946411133
256,0.5,44,5,52,12,0.9166666666666667,0.1977701187133789
256,1.0,44,1,51,13,1.0,0.1994035243988037
256,1.0,44,2,51,13,1.0,0.20269370079040527
256,1.0,44,3,51,13,1.0,0.1965489387512207
256,1.0,44,4,51,13,1.0,0.2032625675201416
256,1.0,44,5,52,12,1.0,0.19623708724975586
64,0.0,45,1,204,52,0.4615384615384615,0.21616291999816895
64,0.0,45,2,205,51,0.5276923076923077,0.21866226196289062
64,0.0,45,3,205,51,0.5684615384615385,0.2200000286102295
64,0.0,45,4,205,51,0.4915384615384616,0.2333672046661377
64,0.0,45,5,205,51,0.5669230769230769,0.23613643646240234
64,0.01,45,1,204,52,0.6923076923076923,0.21588349342346191
64,0.01,45,2,205,51,0.7238461538461538,0.23109006881713867
64,0.01,45,3,205,51,0.6853846153846154,0.2185678482055664
64,0.01,45,4,205,51,0.6884615384615385,0.21995782852172852
64,0.01,45,5,205,51,0.7446153846153847,0.21834850311279297
64,0.02,45,1,204,52,0.75,0.22052311897277832
64,0.02,45,2,205,51,0.7246153846153847,0.23375201225280762
64,0.02,45,3,205,51,0.7630769230769231,0.21070361137390137
64,0.02,45,4,205,51,0.726923076923077,0.21431708335876465
64,0.02,45,5,205,51,0.7646153846153847,0.2171921730041504
64,0.05,45,1,204,52,0.6923076923076923,0.22198152542114258
64,0.05,45,2,205,51,0.8423076923076923,0.21138286590576172
64,0.05,45,3,205,51,0.8415384615384616,0.23034334182739258
64,0.05,45,4,205,51,0.7661538461538462,0.22072529792785645
64,0.05,45,5,205,51,0.8046153846153846,0.2195749282836914
64,0.1,45,1,204,52,0.7692307692307692,0.21961617469787598
64,0.1,45,2,205,51,0.8815384615384616,0.21147489547729492
64,0.1,45,3,205,51,0.8415384615384616,0.21141743659973145
64,0.1,45,4,205,51,0.7861538461538462,0.21765518188476562
64,0.1,45,5,205,51,0.8246153846153846,0.21382737159729004
64,0.2,45,1,204,52,0.8076923076923077,0.21057581901550293
64,0.2,45,2,205,51,0.9215384615384616,0.21979856491088867
64,0.2,45,3,205,51,0.9007692307692308,0.21967482566833496
64,0.2,45,4,205,51,0.8046153846153846,0.21876955032348633
64,0.2,45,5,205,51,0.8461538461538461,0.21996736526489258
64,0.5,45,1,204,52,0.9615384615384616,0.21429038047790527
64,0.5,45,2,205,51,1.0,0.21881508827209473
64,0.5,45,3,205,51,0.94,0.21035408973693848
64,0.5,45,4,205,51,0.9407692307692308,0.21100139617919922
64,0.5,45,5,205,51,0.9615384615384616,0.21210455894470215
64,1.0,45,1,204,52,1.0,0.2141718864440918
64,1.0,45,2,205,51,1.0,0.2405393123626709
64,1.0,45,3,205,51,1.0,0.21687054634094238
64,1.0,45,4,205,51,0.9215384615384616,0.2130739688873291
64,1.0,45,5,205,51,0.9807692307692308,0.210160493850708
256,0.0,45,1,51,13,0.6904761904761905,0.19930362701416016
256,0.0,45,2,51,13,0.39285714285714285,0.21492457389831543
256,0.0,45,3,51,13,0.5357142857142857,0.21077442169189453
256,0.0,45,4,51,13,0.9285714285714286,0.2028050422668457
256,0.0,45,5,52,12,0.6666666666666667,0.19811344146728516
256,0.01,45,1,51,13,0.6071428571428572,0.20121335983276367
256,0.01,45,2,51,13,0.39285714285714285,0.20229077339172363
256,0.01,45,3,51,13,0.6190476190476191,0.2066328525543213
256,0.01,45,4,51,13,0.7738095238095238,0.2108912467956543
256,0.01,45,5,52,12,0.6666666666666667,0.19940900802612305
256,0.02,45,1,51,13,0.5357142857142857,0.21112489700317383
256,0.02,45,2,51,13,0.39285714285714285,0.20825791358947754
256,0.02,45,3,51,13,0.5357142857142857,0.2158370018005371
256,0.02,45,4,51,13,0.7738095238095238,0.2164933681488037
256,0.02,45,5,52,12,0.6666666666666667,0.2184431552886963
256,0.05,45,1,51,13,0.4642857142857143,0.20885396003723145
256,0.05,45,2,51,13,0.5476190476190476,0.21218609809875488
256,0.05,45,3,51,13,0.5357142857142857,0.20967769622802734
256,0.05,45,4,51,13,0.7023809523809523,0.211897611618042
256,0.05,45,5,52,12,0.5833333333333333,0.21502065658569336
256,0.1,45,1,51,13,0.4642857142857143,0.22042036056518555
256,0.1,45,2,51,13,0.7023809523809523,0.22365760803222656
256,0.1,45,3,51,13,0.6190476190476191,0.22000598907470703
256,0.1,45,4,51,13,0.6904761904761905,0.21300768852233887
256,0.1,45,5,52,12,0.6666666666666666,0.20615386962890625
256,0.2,45,1,51,13,0.7619047619047619,0.19766855239868164
256,0.2,45,2,51,13,0.8452380952380952,0.20924115180969238
256,0.2,45,3,51,13,0.6904761904761905,0.202498197555542
256,0.2,45,4,51,13,0.7619047619047619,0.20013141632080078
256,0.2,45,5,52,12,0.9166666666666667,0.2163548469543457
256,0.5,45,1,51,13,0.9166666666666667,0.1975851058959961
256,0.5,45,2,51,13,0.9285714285714286,0.21541142463684082
256,0.5,45,3,51,13,0.9285714285714286,0.20146608352661133
256,0.5,45,4,51,13,0.9166666666666667,0.199171781539917
256,0.5,45,5,52,12,0.9166666666666667,0.20479679107666016
256,1.0,45,1,51,13,1.0,0.19985485076904297
256,1.0,45,2,51,13,1.0,0.20240139961242676
256,1.0,45,3,51,13,0.9285714285714286,0.2054593563079834
256,1.0,45,4,51,13,1.0,0.22641587257385254
256,1.0,45,5,52,12,1.0,0.19974422454833984
64,0.0,46,1,204,52,0.5576923076923077,0.2108457088470459
64,0.0,46,2,205,51,0.5492307692307692,0.21442723274230957
64,0.0,46,3,205,51,0.6284615384615384,0.21892285346984863
64,0.0,46,4,205,51,0.6092307692307692,0.22026801109313965
64,0.0,46,5,205,51,0.6107692307692307,0.21457433700561523
64,0.01,46,1,204,52,0.8269230769230769,0.21948456764221191
64,0.01,46,2,205,51,0.6676923076923077,0.2159714698791504
64,0.01,46,3,205,51,0.6853846153846154,0.21661615371704102
64,0.01,46,4,205,51,0.7646153846153847,0.21294403076171875
64,0.01,46,5,205,51,0.7076923076923077,0.21267199516296387
64,0.02,46,1,204,52,0.8461538461538461,0.22003579139709473
64,0.02,46,2,205,51,0.6484615384615384,0.23359966278076172
64,0.02,46,3,205,51,0.6661538461538461,0.21467065811157227
64,0.02,46,4,205,51,0.8253846153846154,0.22011756896972656
64,0.02,46,5,205,51,0.7461538461538462,0.23453974723815918
64,0.05,46,1,204,52,0.8076923076923077,0.2192704677581787
64,0.05,46,2,205,51,0.7469230769230769,0.22233867645263672
64,0.05,46,3,205,51,0.7238461538461538,0.21834540367126465
64,0.05,46,4,205,51,0.8246153846153846,0.21985340118408203
64,0.05,46,5,205,51,0.7076923076923077,0.22988367080688477
64,0.1,46,1,204,52,0.8269230769230769,0.2129371166229248
64,0.1,46,2,205,51,0.7669230769230769,0.2145085334777832
64,0.1,46,3,205,51,0.6838461538461539,0.2122037410736084
64,0.1,46,4,205,51,0.8246153846153846,0.22064638137817383
64,0.1,46,5,205,51,0.7453846153846153,0.2219986915588379
64,0.2,46,1,204,52,0.8653846153846154,0.23414206504821777
64,0.2,46,2,205,51,0.8623076923076922,0.21775078773498535
64,0.2,46,3,205,51,0.803076923076923,0.22780275344848633
64,0.2,46,4,205,51,0.8830769230769231,0.2231442928314209
64,0.2,46,5,205,51,0.8638461538461539,0.22221112251281738
64,0.5,46,1,204,52,0.9038461538461539,0.2310633659362793
64,0.5,46,2,205,51,0.9607692307692308,0.22536778450012207
64,0.5,46,3,205,51,0.98,0.21375083923339844
64,0.5,46,4,205,51,0.9807692307692308,0.22415971755981445
64,0.5,46,5,205,51,0.9807692307692308,0.23145604133605957
64,1.0,46,1,204,52,0.9423076923076923,0.22268986701965332
64,1.0,46,2,205,51,0.9607692307692308,0.23138928413391113
64,1.0,46,3,205,51,1.0,0.21558523178100586
64,1.0,46,4,205,51,1.0,0.21732473373413086
64,1.0,46,5,205,51,1.0,0.22723102569580078
256,0.0,46,1,51,13,0.6904761904761905,0.23807168006896973
256,0.0,46,2,51,13,0.6309523809523809,0.21571803092956543
256,0.0,46,3,51,13,0.5476190476190476,0.22870540618896484
256,0.0,46,4,51,13,0.7738095238095238,0.21106481552124023
256,0.0,46,5,52,12,0.41666666666666663,0.22051334381103516
256,0.01,46,1,51,13,0.6904761904761905,0.21726346015930176
256,0.01,46,2,51,13,0.6309523809523809,0.21226763725280762
256,0.01,46,3,51,13,0.4642857142857143,0.20502328872680664
256,0.01,46,4,51,13,0.7738095238095238,0.21166563034057617
256,0.01,46,5,52,12,0.41666666666666663,0.22393536567687988
256,0.02,46,1,51,13,0.6904761904761905,0.21156859397888184
256,0.02,46,2,51,13,0.6309523809523809,0.2157750129699707
256,0.02,46,3,51,13,0.5357142857142857,0.21978759765625
256,0.02,46,4,51,13,0.7023809523809523,0.22049403190612793
256,0.02,46,5,52,12,0.41666666666666663,0.21126222610473633
256,0.05,46,1,51,13,0.6190476190476191,0.20895051956176758
256,0.05,46,2,51,13,0.5357142857142857,0.21548819541931152
256,0.05,46,3,51,13,0.47619047619047616,0.20417404174804688
256,0.05,46,4,51,13,0.7023809523809523,0.22396588325500488
256,0.05,46,5,52,12,0.41666666666666663,0.21112871170043945
256,0.1,46,1,51,13,0.6071428571428572,0.21690726280212402
256,0.1,46,2,51,13,0.4642857142857143,0.21428847312927246
256,0.1,46,3,51,13,0.7023809523809523,0.2046060562133789
256,0.1,46,4,51,13,0.7023809523809523,0.2290799617767334
256,0.1,46,5,52,12,0.41666666666666663,0.21463632583618164
256,0.2,46,1,51,13,0.45238095238095233,0.20684051513671875
256,0.2,46,2,51,13,0.6904761904761905,0.2157444953918457
256,0.2,46,3,51,13,0.7738095238095238,0.21187663078308105
256,0.2,46,4,51,13,0.7142857142857143,0.19993114471435547
256,0.2,46,5,52,12,0.3333333333333333,0.20035076141357422
256,0.5,46,1,51,13,0.9166666666666667,0.1969151496887207
256,0.5,46,2,51,13,0.9285714285714286,0.20462393760681152
256,0.5,46,3,51,13,1.0,0.1974489688873291
256,0.5,46,4,51,13,0.7857142857142857,0.20314311981201172
256,0.5,46,5,52,12,0.9166666666666667,0.19707417488098145
256,1.0,46,1,51,13,1.0,0.19940781593322754
256,1.0,46,2,51,13,1.0,0.204118013381958
256,1.0,46,3,51,13,1.0,0.22732234001159668
256,1.0,46,4,51,13,1.0,0.20509958267211914
256,1.0,46,5,52,12,1.0,0.2001361846923828
64,0.0,47,1,204,52,0.5576923076923077,0.21863317489624023
64,0.0,47,2,205,51,0.5492307692307692,0.21339106559753418
64,0.0,47,3,205,51,0.5092307692307692,0.23132824897766113
64,0.0,47,4,205,51,0.4307692307692308,0.21516799926757812
64,0.0,47,5,205,51,0.5130769230769231,0.2217845916748047
64,0.01,47,1,204,52,0.7307692307692308,0.2120349407196045
64,0.01,47,2,205,51,0.7246153846153847,0.21652555465698242
64,0.01,47,3,205,51,0.6261538461538462,0.21956419944763184
64,0.01,47,4,205,51,0.5884615384615384,0.217299222946167
64,0.01,47,5,205,51,0.6692307692307693,0.21639347076416016
64,0.02,47,1,204,52,0.75,0.21973490715026855
64,0.02,47,2,205,51,0.7446153846153847,0.21439218521118164
64,0.02,47,3,205,51,0.6646153846153846,0.22108793258666992
64,0.02,47,4,205,51,0.6069230769230769,0.21886730194091797
64,0.02,47,5,205,51,0.726923076923077,0.21616625785827637
64,0.05,47,1,204,52,0.7884615384615384,0.21552014350891113
64,0.05,47,2,205,51,0.8023076923076923,0.2182307243347168
64,0.05,47,3,205,51,0.7446153846153847,0.21671056747436523
64,0.05,47,4,205,51,0.7061538461538461,0.21489381790161133
64,0.05,47,5,205,51,0.8253846153846154,0.21695899963378906
64,0.1,47,1,204,52,0.8269230769230769,0.21825194358825684
64,0.1,47,2,205,51,0.803076923076923,0.21930837631225586
64,0.1,47,3,205,51,0.8238461538461539,0.22506046295166016
64,0.1,47,4,205,51,0.7861538461538462,0.21817398071289062
64,0.1,47,5,205,51,0.8638461538461539,0.2110450267791748
64,0.2,47,1,204,52,0.8269230769230769,0.21285486221313477
64,0.2,47,2,205,51,0.88,0.2175452709197998
64,0.2,47,3,205,51,0.9015384615384616,0.23126864433288574
64,0.2,47,4,205,51,0.8446153846153847,0.21926069259643555
64,0.2,47,5,205,51,0.9207692307692308,0.21460318565368652
64,0.5,47,1,204,52,0.9423076923076923,0.22244572639465332
64,0.5,47,2,205,51,0.9199999999999999,0.21642184257507324
64,0.5,47,3,205,51,0.96,0.23036980628967285
64,0.5,47,4,205,51,0.9415384615384615,0.21999597549438477
64,0.5,47,5,205,51,0.9607692307692308,0.21208572387695312
64,1.0,47,1,204,52,0.9807692307692308,0.2115626335144043
64,1.0,47,2,205,51,0.96,0.21925759315490723
64,1.0,47,3,205,51,0.9615384615384616,0.23462414741516113
64,1.0,47,4,205,51,1.0,0.21759033203125
64,1.0,47,5,205,51,0.9415384615384615,0.21759700775146484
256,0.0,47,1,51,13,0.39285714285714285,0.20678997039794922
256,0.0,47,2,51,13,0.6904761904761905,0.20395851135253906
256,0.0,47,3,51,13,0.38095238095238093,0.21042275428771973
256,0.0,47,4,51,13,0.45238095238095233,0.20795321464538574
256,0.0,47,5,52,12,0.5,0.2144155502319336
256,0.01,47,1,51,13,0.30952380952380953,0.20475292205810547
256,0.01,47,2,51,13,0.6904761904761905,0.20590758323669434
256,0.01,47,3,51,13,0.45238095238095233,0.20784235000610352
256,0.01,47,4,51,13,0.5357142857142857,0.20500707626342773
256,0.01,47,5,52,12,0.41666666666666663,0.2101743221282959
256,0.02,47,1,51,13,0.30952380952380953,0.212860107421875
256,0.02,47,2,51,13,0.7023809523809523,0.2058424949645996
256,0.02,47,3,51,13,0.5357142857142857,0.2143251895904541
256,0.02,47,4,51,13,0.5357142857142857,0.21419072151184082
256,0.02,47,5,52,12,0.5,0.21238303184509277
256,0.05,47,1,51,13,0.38095238095238093,0.20888805389404297
256,0.05,47,2,51,13,0.6071428571428572,0.2027888298034668
256,0.05,47,3,51,13,0.5357142857142857,0.20750856399536133
256,0.05,47,4,51,13,0.5476190476190476,0.21464896202087402
256,0.05,47,5,52,12,0.41666666666666663,0.2159419059753418
256,0.1,47,1,51,13,0.4642857142857143,0.19883489608764648
256,0.1,47,2,51,13,0.6190476190476191,0.20591449737548828
256,0.1,47,3,51,13,0.7023809523809523,0.21345281600952148
256,0.1,47,4,51,13,0.6904761904761905,0.20978546142578125
256,0.1,47,5,52,12,0.6666666666666666,0.2105257511138916
256,0.2,47,1,51,13,0.6904761904761905,0.1952040195465088
256,0.2,47,2,51,13,0.7023809523809523,0.21454572677612305
256,0.2,47,3,51,13,0.7738095238095238,0.20378661155700684
256,0.2,47,4,51,13,0.6309523809523809,0.20782184600830078
256,0.2,47,5,52,12,0.75,0.2039945125579834
256,0.5,47,1,51,13,0.9166666666666667,0.19428610801696777
256,0.5,47,2,51,13,1.0,0.19977092742919922
256,0.5,47,3,51,13,1.0,0.2030348777770996
256,0.5,47,4,51,13,0.9285714285714286,0.19759750366210938
256,0.5,47,5,52,12,0.9166666666666667,0.2041463851928711
256,1.0,47,1,51,13,1.0,0.20099902153015137
256,1.0,47,2,51,13,1.0,0.2015087604522705
256,1.0,47,3,51,13,1.0,0.2133030891418457
256,1.0,47,4,51,13,1.0,0.19648075103759766
256,1.0,47,5,52,12,1.0,0.22871017456054688
64,0.0,48,1,204,52,0.46153846153846156,0.2147510051727295
64,0.0,48,2,205,51,0.5653846153846154,0.21691441535949707
64,0.0,48,3,205,51,0.5484615384615384,0.21726608276367188
64,0.0,48,4,205,51,0.6069230769230769,0.2223803997039795
64,0.0,48,5,205,51,0.5123076923076924,0.22155547142028809
64,0.01,48,1,204,52,0.6346153846153846,0.22207212448120117
64,0.01,48,2,205,51,0.6430769230769231,0.21535730361938477
64,0.01,48,3,205,51,0.6646153846153846,0.21682524681091309
64,0.01,48,4,205,51,0.6476923076923078,0.21187138557434082
64,0.01,48,5,205,51,0.5515384615384615,0.220703125
64,0.02,48,1,204,52,0.7115384615384615,0.2161242961883545
64,0.02,48,2,205,51,0.6830769230769231,0.22006654739379883
64,0.02,48,3,205,51,0.7430769230769231,0.219926118850708
64,0.02,48,4,205,51,0.6476923076923078,0.21324634552001953
64,0.02,48,5,205,51,0.6292307692307693,0.2181696891784668
64,0.05,48,1,204,52,0.7115384615384615,0.21821260452270508
64,0.05,48,2,205,51,0.7415384615384616,0.2309107780456543
64,0.05,48,3,205,51,0.7223076923076923,0.2277684211730957
64,0.05,48,4,205,51,0.726923076923077,0.21528029441833496
64,0.05,48,5,205,51,0.6684615384615384,0.23566746711730957
64,0.1,48,1,204,52,0.7884615384615385,0.22307968139648438
64,0.1,48,2,205,51,0.7223076923076923,0.2324988842010498
64,0.1,48,3,205,51,0.7638461538461538,0.2201225757598877
64,0.1,48,4,205,51,0.8038461538461539,0.23029303550720215
64,0.1,48,5,205,51,0.8046153846153846,0.2164773941040039
64,0.2,48,1,204,52,0.8461538461538461,0.21982502937316895
64,0.2,48,2,205,51,0.8015384615384615,0.2258918285369873
64,0.2,48,3,205,51,0.803076923076923,0.21400070190429688
64,0.2,48,4,205,51,0.8630769230769231,0.22077465057373047
64,0.2,48,5,205,51,0.8623076923076922,0.2150118350982666
64,0.5,48,1,204,52,0.9615384615384616,0.2171497344970703
64,0.5,48,2,205,51,0.94,0.22043204307556152
64,0.5,48,3,205,51,0.9415384615384615,0.2229597568511963
64,0.5,48,4,205,51,0.98,0.2360992431640625
64,0.5,48,5,205,51,0.9215384615384616,0.2201073169708252
64,1.0,48,1,204,52,0.9807692307692308,0.23089194297790527
64,1.0,48,2,205,51,1.0,0.22875618934631348
64,1.0,48,3,205,51,0.98,0.2207639217376709
64,1.0,48,4,205,51,0.98,0.2131490707397461
64,1.0,48,5,205,51,0.9807692307692308,0.22823023796081543
256,0.0,48,1,51,13,0.5476190476190476,0.22070598602294922
256,0.0,48,2,51,13,0.6190476190476191,0.22434473037719727
256,0.0,48,3,51,13,0.4642857142857143,0.20656061172485352
256,0.0,48,4,51,13,0.6904761904761905,0.21457934379577637
256,0.0,48,5,52,12,0.5833333333333333,0.2171473503112793
256,0.01,48,1,51,13,0.6190476190476191,0.23068666458129883
256,0.01,48,2,51,13,0.6190476190476191,0.21849417686462402
256,0.01,48,3,51,13,0.4642857142857143,0.21381783485412598
256,0.01,48,4,51,13,0.6190476190476191,0.21828198432922363
256,0.01,48,5,52,12,0.5833333333333333,0.20868277549743652
256,0.02,48,1,51,13,0.6190476190476191,0.21280670166015625
256,0.02,48,2,51,13,0.6904761904761905,0.21193647384643555
256,0.02,48,3,51,13,0.6071428571428572,0.21154332160949707
256,0.02,48,4,51,13,0.6190476190476191,0.2160205841064453
256,0.02,48,5,52,12,0.5,0.2067723274230957
256,0.05,48,1,51,13,0.5357142857142857,0.207061767578125
256,0.05,48,2,51,13,0.7738095238095238,0.22376441955566406
256,0.05,48,3,51,13,0.6190476190476191,0.2156057357788086
256,0.05,48,4,51,13,0.7023809523809523,0.20954418182373047
256,0.05,48,5,52,12,0.41666666666666663,0.21505451202392578
256,0.1,48,1,51,13,0.5357142857142857,0.20777225494384766
256,0.1,48,2,51,13,0.8452380952380952,0.21264410018920898
256,0.1,48,3,51,13,0.6904761904761905,0.20831894874572754
256,0.1,48,4,51,13,0.6309523809523809,0.2271432876586914
256,0.1,48,5,52,12,0.5,0.22298812866210938
256,0.2,48,1,51,13,0.6071428571428572,0.2178175449371338
256,0.2,48,2,51,13,1.0,0.2097454071044922
256,0.2,48,3,51,13,0.8452380952380952,0.23081254959106445
256,0.2,48,4,51,13,0.7023809523809523,0.20161080360412598
256,0.2,48,5,52,12,0.8333333333333334,0.21261024475097656
256,0.5,48,1,51,13,1.0,0.20446133613586426
256,0.5,48,2,51,13,1.0,0.20234274864196777
256,0.5,48,3,51,13,0.9285714285714286,0.2014012336730957
256,0.5,48,4,51,13,1.0,0.2070467472076416
256,0.5,48,5,52,12,1.0,0.20091724395751953
256,1.0,48,1,51,13,1.0,0.19783949851989746
256,1.0,48,2,51,13,1.0,0.20679926872253418
256,1.0,48,3,51,13,0.9285714285714286,0.20611906051635742
256,1.0,48,4,51,13,1.0,0.19861173629760742
256,1.0,48,5,52,12,1.0,0.20374798774719238
64,0.0,49,1,204,52,0.6346153846153846,0.24999094009399414
64,0.0,49,2,205,51,0.48923076923076925,0.21402502059936523
64,0.0,49,3,205,51,0.43153846153846154,0.22278761863708496
64,0.0,49,4,205,51,0.4707692307692308,0.21434760093688965
64,0.0,49,5,205,51,0.5292307692307692,0.22932839393615723
64,0.01,49,1,204,52,0.6538461538461539,0.21746325492858887
64,0.01,49,2,205,51,0.6092307692307692,0.23562836647033691
64,0.01,49,3,205,51,0.55,0.2274007797241211
64,0.01,49,4,205,51,0.7076923076923077,0.21696019172668457
64,0.01,49,5,205,51,0.7438461538461538,0.22262835502624512
64,0.02,49,1,204,52,0.6153846153846154,0.22153830528259277
64,0.02,49,2,205,51,0.6476923076923078,0.23573017120361328
64,0.02,49,3,205,51,0.61,0.21141791343688965
64,0.02,49,4,205,51,0.6892307692307692,0.21856904029846191
64,0.02,49,5,205,51,0.7061538461538461,0.2182023525238037
64,0.05,49,1,204,52,0.7307692307692307,0.21472501754760742
64,0.05,49,2,205,51,0.7261538461538461,0.21149444580078125
64,0.05,49,3,205,51,0.686923076923077,0.21975946426391602
64,0.05,49,4,205,51,0.7084615384615385,0.2199859619140625
64,0.05,49,5,205,51,0.7653846153846153,0.2267286777496338
64,0.1,49,1,204,52,0.7115384615384616,0.22220230102539062
64,0.1,49,2,205,51,0.8238461538461539,0.21819162368774414
64,0.1,49,3,205,51,0.8238461538461539,0.22150278091430664
64,0.1,49,4,205,51,0.7661538461538462,0.2182011604309082
64,0.1,49,5,205,51,0.726923076923077,0.2202587127685547
64,0.2,49,1,204,52,0.8076923076923077,0.2158811092376709
64,0.2,49,2,205,51,0.9215384615384616,0.22885513305664062
64,0.2,49,3,205,51,0.8623076923076922,0.21390080451965332
64,0.2,49,4,205,51,0.9223076923076923,0.21611905097961426
64,0.2,49,5,205,51,0.8830769230769231,0.21242547035217285
64,0.5,49,1,204,52,0.9230769230769231,0.21924996376037598
64,0.5,49,2,205,51,0.9607692307692308,0.21977472305297852
64,0.5,49,3,205,51,0.9023076923076923,0.22498536109924316
64,0.5,49,4,205,51,0.9807692307692308,0.21825838088989258
64,0.5,49,5,205,51,0.98,0.21948790550231934
64,1.0,49,1,204,52,1.0,0.21068167686462402
64,1.0,49,2,205,51,0.9607692307692308,0.21941232681274414
64,1.0,49,3,205,51,0.98,0.20952343940734863
64,1.0,49,4,205,51,1.0,0.21485662460327148
64,1.0,49,5,205,51,1.0,0.20793819427490234
256,0.0,49,1,51,13,0.369047619047619,0.20997881889343262
256,0.0,49,2,51,13,0.5357142857142857,0.2009129524230957
256,0.0,49,3,51,13,0.5357142857142857,0.21900105476379395
256,0.0,49,4,51,13,0.369047619047619,0.21758818626403809
256,0.0,49,5,52,12,0.5,0.21350622177124023
256,0.01,49,1,51,13,0.369047619047619,0.20783114433288574
256,0.01,49,2,51,13,0.38095238095238093,0.21181583404541016
256,0.01,49,3,51,13,0.45238095238095233,0.20705795288085938
256,0.01,49,4,51,13,0.2976190476190476,0.21435236930847168
256,0.01,49,5,52,12,0.41666666666666663,0.20818138122558594
256,0.02,49,1,51,13,0.369047619047619,0.21444249153137207
256,0.02,49,2,51,13,0.369047619047619,0.21449899673461914
256,0.02,49,3,51,13,0.6071428571428572,0.21008753776550293
256,0.02,49,4,51,13,0.45238095238095233,0.20798945426940918
256,0.02,49,5,52,12,0.5833333333333334,0.21394753456115723
256,0.05,49,1,51,13,0.45238095238095233,0.20289969444274902
256,0.05,49,2,51,13,0.44047619047619047,0.21503901481628418
256,0.05,49,3,51,13,0.45238095238095233,0.19943714141845703
256,0.05,49,4,51,13,0.5238095238095238,0.20450425148010254
256,0.05,49,5,52,12,0.5,0.21916866302490234
256,0.1,49,1,51,13,0.45238095238095233,0.21383404731750488
256,0.1,49,2,51,13,0.6071428571428572,0.20381975173950195
256,0.1,49,3,51,13,0.5357142857142857,0.20518875122070312
256,0.1,49,4,51,13,0.7738095238095238,0.21065688133239746
256,0.1,49,5,52,12,0.5833333333333333,0.19875240325927734
256,0.2,49,1,51,13,0.8452380952380952,0.20803546905517578
256,0.2,49,2,51,13,0.6785714285714286,0.21190476417541504
256,0.2,49,3,51,13,0.9166666666666667,0.20348787307739258
256,0.2,49,4,51,13,0.9285714285714286,0.20555591583251953
256,0.2,49,5,52,12,0.75,0.19594287872314453
256,0.5,49,1,51,13,0.9285714285714286,0.19691824913024902
256,0.5,49,2,51,13,0.9166666666666667,0.1941826343536377
256,0.5,49,3,51,13,1.0,0.21184468269348145
256,0.5,49,4,51,13,1.0,0.19725799560546875
256,0.5,49,5,52,12,0.8333333333333333,0.20219802856445312
256,1.0,49,1,51,13,1.0,0.2021028995513916
256,1.0,49,2,51,13,1.0,0.20279240608215332
256,1.0,49,3,51,13,1.0,0.1953439712524414
256,1.0,49,4,51,13,1.0,0.19642233848571777
256,1.0,49,5,52,12,0.9166666666666667,0.20491480827331543
64,0.0,50,1,204,52,0.46153846153846156,0.2186579704284668
64,0.0,50,2,205,51,0.4907692307692308,0.21458029747009277
64,0.0,50,3,205,51,0.4492307692307692,0.21309995651245117
64,0.0,50,4,205,51,0.5269230769230769,0.21582388877868652
64,0.0,50,5,205,51,0.5492307692307692,0.21826815605163574
64,0.01,50,1,204,52,0.75,0.24470281600952148
64,0.01,50,2,205,51,0.6838461538461539,0.22444772720336914
64,0.01,50,3,205,51,0.7046153846153846,0.214738130569458
64,0.01,50,4,205,51,0.5676923076923077,0.21570849418640137
64,0.01,50,5,205,51,0.706923076923077,0.22581100463867188
64,0.02,50,1,204,52,0.8269230769230769,0.22444868087768555
64,0.02,50,2,205,51,0.7430769230769231,0.21305418014526367
64,0.02,50,3,205,51,0.7238461538461538,0.21900534629821777
64,0.02,50,4,205,51,0.6446153846153846,0.22121357917785645
64,0.02,50,5,205,51,0.6876923076923077,0.22922062873840332
64,0.05,50,1,204,52,0.8269230769230769,0.2152729034423828
64,0.05,50,2,205,51,0.7815384615384615,0.21329045295715332
64,0.05,50,3,205,51,0.6638461538461539,0.21738743782043457
64,0.05,50,4,205,51,0.6653846153846154,0.21937298774719238
64,0.05,50,5,205,51,0.726923076923077,0.2278130054473877
64,0.1,50,1,204,52,0.8653846153846154,0.21953511238098145
64,0.1,50,2,205,51,0.7623076923076924,0.22761130332946777
64,0.1,50,3,205,51,0.7238461538461538,0.21564507484436035
64,0.1,50,4,205,51,0.7653846153846153,0.21243572235107422
64,0.1,50,5,205,51,0.7461538461538462,0.21692228317260742
64,0.2,50,1,204,52,0.9615384615384616,0.2166132926940918
64,0.2,50,2,205,51,0.8415384615384616,0.21932363510131836
64,0.2,50,3,205,51,0.8423076923076923,0.21175432205200195
64,0.2,50,4,205,51,0.7653846153846153,0.22279000282287598
64,0.2,50,5,205,51,0.8638461538461539,0.21637988090515137
64,0.5,50,1,204,52,0.9807692307692308,0.2153465747833252
64,0.5,50,2,205,51,0.9607692307692308,0.21086716651916504
64,0.5,50,3,205,51,0.96,0.2125844955444336
64,0.5,50,4,205,51,0.9215384615384616,0.2205355167388916
64,0.5,50,5,205,51,0.9807692307692308,0.22010207176208496
64,1.0,50,1,204,52,1.0,0.21342062950134277
64,1.0,50,2,205,51,1.0,0.2156052589416504
64,1.0,50,3,205,51,1.0,0.22038006782531738
64,1.0,50,4,205,51,0.9407692307692308,0.21087980270385742
64,1.0,50,5,205,51,1.0,0.2109363079071045
256,0.0,50,1,51,13,0.5714285714285714,0.2096707820892334
256,0.0,50,2,51,13,0.5476190476190476,0.2202165126800537
256,0.0,50,3,51,13,0.25,0.20848679542541504
256,0.0,50,4,51,13,0.38095238095238093,0.2130119800567627
256,0.0,50,5,52,12,0.3333333333333333,0.23637056350708008
256,0.01,50,1,51,13,0.5714285714285714,0.21754765510559082
256,0.01,50,2,51,13,0.4642857142857143,0.21046066284179688
256,0.01,50,3,51,13,0.3214285714285714,0.21457743644714355
256,0.01,50,4,51,13,0.38095238095238093,0.2124490737915039
256,0.01,50,5,52,12,0.41666666666666663,0.19974374771118164
256,0.02,50,1,51,13,0.5714285714285714,0.2120983600616455
256,0.02,50,2,51,13,0.2976190476190476,0.2145240306854248
256,0.02,50,3,51,13,0.23809523809523808,0.19564485549926758
256,0.02,50,4,51,13,0.38095238095238093,0.2044999599456787
256,0.02,50,5,52,12,0.3333333333333333,0.21460342407226562
256,0.05,50,1,51,13,0.6428571428571428,0.20934128761291504
256,0.05,50,2,51,13,0.4642857142857143,0.21570777893066406
256,0.05,50,3,51,13,0.3214285714285714,0.2143404483795166
256,0.05,50,4,51,13,0.4642857142857143,0.2055952548980713
256,0.05,50,5,52,12,0.41666666666666663,0.2193126678466797
256,0.1,50,1,51,13,0.7857142857142857,0.20960402488708496
256,0.1,50,2,51,13,0.6071428571428572,0.21313118934631348
256,0.1,50,3,51,13,0.5476190476190476,0.20757389068603516
256,0.1,50,4,51,13,0.6190476190476191,0.20913958549499512
256,0.1,50,5,52,12,0.6666666666666666,0.21271109580993652
256,0.2,50,1,51,13,1.0,0.21606969833374023
256,0.2,50,2,51,13,0.8333333333333333,0.2015979290008545
256,0.2,50,3,51,13,0.6904761904761905,0.1955723762512207
256,0.2,50,4,51,13,0.7738095238095238,0.21810030937194824
256,0.2,50,5,52,12,0.8333333333333333,0.20359563827514648
256,0.5,50,1,51,13,1.0,0.19606280326843262
256,0.5,50,2,51,13,1.0,0.1966700553894043
256,0.5,50,3,51,13,0.9166666666666667,0.19974827766418457
256,0.5,50,4,51,13,1.0,0.19759392738342285
256,0.5,50,5,52,12,1.0,0.2040562629699707
256,1.0,50,1,51,13,1.0,0.19598865509033203
256,1.0,50,2,51,13,1.0,0.1996457576751709
256,1.0,50,3,51,13,1.0,0.19448113441467285
256,1.0,50,4,51,13,1.0,0.19798922538757324
256,1.0,50,5,52,12,1.0,0.20398831367492676
64,0.0,51,1,204,52,0.5,0.21915173530578613
64,0.0,51,2,205,51,0.5107692307692309,0.24305295944213867
64,0.0,51,3,205,51,0.4507692307692308,0.2130746841430664
64,0.0,51,4,205,51,0.47,0.2148730754852295
64,0.0,51,5,205,51,0.4523076923076923,0.21175098419189453
64,0.01,51,1,204,52,0.6730769230769231,0.21584653854370117
64,0.01,51,2,205,51,0.6253846153846154,0.21039462089538574
64,0.01,51,3,205,51,0.6076923076923078,0.21105074882507324
64,0.01,51,4,205,51,0.6292307692307693,0.21965599060058594
64,0.01,51,5,205,51,0.666923076923077,0.21352243423461914
64,0.02,51,1,204,52,0.6730769230769231,0.2144465446472168
64,0.02,51,2,205,51,0.6253846153846154,0.21909570693969727
64,0.02,51,3,205,51,0.7261538461538461,0.22352242469787598
64,0.02,51,4,205,51,0.6292307692307693,0.21210813522338867
64,0.02,51,5,205,51,0.6484615384615384,0.23021769523620605
64,0.05,51,1,204,52,0.75,0.21075034141540527
64,0.05,51,2,205,51,0.6846153846153846,0.2104344367980957
64,0.05,51,3,205,51,0.7053846153846154,0.2141273021697998
64,0.05,51,4,205,51,0.6876923076923077,0.22086691856384277
64,0.05,51,5,205,51,0.686923076923077,0.21869635581970215
64,0.1,51,1,204,52,0.8269230769230769,0.2151508331298828
64,0.1,51,2,205,51,0.8207692307692308,0.21857595443725586
64,0.1,51,3,205,51,0.7438461538461538,0.21037721633911133
64,0.1,51,4,205,51,0.7061538461538461,0.22031140327453613
64,0.1,51,5,205,51,0.7453846153846153,0.2196362018585205
64,0.2,51,1,204,52,0.9038461538461539,0.22121310234069824
64,0.2,51,2,205,51,0.9007692307692308,0.22226476669311523
64,0.2,51,3,205,51,0.8015384615384615,0.22249221801757812
64,0.2,51,4,205,51,0.8446153846153847,0.215118408203125
64,0.2,51,5,205,51,0.9007692307692308,0.21361088752746582
64,0.5,51,1,204,52,0.9230769230769231,0.20112895965576172
64,0.5,51,2,205,51,0.9223076923076923,0.22425246238708496
64,0.5,51,3,205,51,0.9415384615384615,0.220048189163208
64,0.5,51,4,205,51,0.9215384615384616,0.22866463661193848
64,0.5,51,5,205,51,1.0,0.20952367782592773
64,1.0,51,1,204,52,0.9615384615384616,0.21820735931396484
64,1.0,51,2,205,51,0.9807692307692308,0.2090303897857666
64,1.0,51,3,205,51,0.9807692307692308,0.21862435340881348
64,1.0,51,4,205,51,0.9807692307692308,0.21407365798950195
64,1.0,51,5,205,51,0.9807692307692308,0.21317601203918457
256,0.0,51,1,51,13,0.6071428571428572,0.2115187644958496
256,0.0,51,2,51,13,0.5595238095238095,0.2081012725830078
256,0.0,51,3,51,13,0.39285714285714285,0.204911470413208
256,0.0,51,4,51,13,0.22619047619047616,0.22901153564453125
256,0.0,51,5,52,12,0.5,0.2142190933227539
256,0.01,51,1,51,13,0.6071428571428572,0.21539068222045898
256,0.01,51,2,51,13,0.30952380952380953,0.21993207931518555
256,0.01,51,3,51,13,0.39285714285714285,0.22591066360473633
256,0.01,51,4,51,13,0.22619047619047616,0.20957374572753906
256,0.01,51,5,52,12,0.6666666666666667,0.21112537384033203
256,0.02,51,1,51,13,0.6071428571428572,0.20878291130065918
256,0.02,51,2,51,13,0.39285714285714285,0.19935822486877441
256,0.02,51,3,51,13,0.39285714285714285,0.21475720405578613
256,0.02,51,4,51,13,0.22619047619047616,0.2137465476989746
256,0.02,51,5,52,12,0.75,0.20314502716064453
256,0.05,51,1,51,13,0.6071428571428572,0.19604206085205078
256,0.05,51,2,51,13,0.39285714285714285,0.2112274169921875
256,0.05,51,3,51,13,0.47619047619047616,0.20725560188293457
256,0.05,51,4,51,13,0.22619047619047616,0.21352648735046387
256,0.05,51,5,52,12,0.75,0.21344828605651855
256,0.1,51,1,51,13,0.8571428571428572,0.20547151565551758
256,0.1,51,2,51,13,0.45238095238095233,0.20302414894104004
256,0.1,51,3,51,13,0.6190476190476191,0.21180939674377441
256,0.1,51,4,51,13,0.38095238095238093,0.21482372283935547
256,0.1,51,5,52,12,0.8333333333333334,0.2084510326385498
256,0.2,51,1,51,13,0.8571428571428572,0.20062828063964844
256,0.2,51,2,51,13,0.6785714285714286,0.2098550796508789
256,0.2,51,3,51,13,0.7023809523809523,0.20818662643432617
256,0.2,51,4,51,13,0.6071428571428572,0.20139455795288086
256,0.2,51,5,52,12,0.9166666666666667,0.20702099800109863
256,0.5,51,1,51,13,1.0,0.20359492301940918
256,0.5,51,2,51,13,0.9166666666666667,0.1947801113128662
256,0.5,51,3,51,13,1.0,0.19375276565551758
256,0.5,51,4,51,13,0.9166666666666667,0.20291948318481445
256,0.5,51,5,52,12,1.0,0.20156288146972656
256,1.0,51,1,51,13,1.0,0.19849848747253418
256,1.0,51,2,51,13,0.9166666666666667,0.19932222366333008
256,1.0,51,3,51,13,1.0,0.20039987564086914
256,1.0,51,4,51,13,1.0,0.19812607765197754
256,1.0,51,5,52,12,1.0,0.20347237586975098
