perm_id,balanced_acc
0,0.3589870905653771
1,0.31630980063917813
2,0.3093106334140937
3,0.31942094361036955
4,0.31018097565732583
5,0.30631762854105343
6,0.31042278335552725
7,0.35160221412295545
8,0.3043230789635581
9,0.32197848501534854
10,0.3032180815390184
11,0.3314067932930976
12,0.36213984384161196
13,0.31594162352885735
14,0.35472901715800986
15,0.280477755970383
16,0.3494466313042904
17,0.32155106135545075
18,0.3677933303711306
19,0.3702100552603264
20,0.3194782288388579
21,0.3457944860121349
22,0.35752090809336123
23,0.2893807801163662
24,0.33630794123661684
25,0.3399647469487378
26,0.33728654804783764
27,0.3302482172422989
28,0.3776089977996604
29,0.29117948717538744
30,0.3177602104339744
31,0.33726395816729815
32,0.32342693469470407
33,0.30174018061352104
34,0.35787900094467473
35,0.2858996605425641
36,0.32141809726518705
37,0.3619170946428746
38,0.3516691768831291
39,0.31961513424442506
40,0.38601822303020517
41,0.34592983867017724
42,0.32361074814463553
43,0.31283211664882765
44,0.3517790214929434
45,0.32268657016719443
46,0.3492752465207275
47,0.3179430946772822
48,0.32840848395875505
49,0.3296801522633025
50,0.3253569153352097
51,0.34253428189981155
52,0.3365874371977561
53,0.37151768014827913
54,0.3103132244990727
55,0.3413622719659791
56,0.31359581655964774
57,0.31301541443156095
58,0.31159495384255265
59,0.35556890354722254
60,0.3541655240216343
61,0.34156888336828695
62,0.2844580879045123
63,0.34981184579809826
64,0.3449140709246802
65,0.30714178593477287
66,0.3502784538838323
67,0.31460866406070936
68,0.3137597002914462
69,0.32506174476398353
70,0.35551533624627757
71,0.3133193362907586
72,0.3416934194336172
73,0.30392455418164116
74,0.3412861680386018
75,0.3543414541903155
76,0.36114476765453724
77,0.35149736867420184
78,0.3122467925457516
79,0.34130353264862
80,0.3559427878586643
81,0.3076260899571691
82,0.34452362753181554
83,0.29567046102609595
84,0.3350034381685039
85,0.31175237302411557
86,0.3488540540650599
87,0.35462672172500237
88,0.3495213827367031
89,0.31513425512165943
90,0.3389715576558999
91,0.33729337373949136
92,0.342667342370237
93,0.344973142149677
94,0.3381814252535337
95,0.31391473847643325
96,0.3170048170114435
97,0.329299488720549
98,0.3436254877018493
99,0.3850093862855673
100,0.30077232579306235
101,0.34421258462107407
102,0.36483997993777617
103,0.3375797276027421
104,0.29475212084789826
105,0.3322354720646029
106,0.3664131435833914
107,0.357569084358636
108,0.32746007818830536
109,0.35853197816140964
110,0.3246595738231053
111,0.3512203423773689
112,0.36260427922336297
113,0.365776907256948
114,0.3298180813584654
115,0.3275885648418125
116,0.3050793532612674
117,0.3382091797575032
118,0.3615400081172137
119,0.35148824942292667
120,0.3293689457011314
121,0.3221482110738217
122,0.32172351097253027
123,0.35195435614789317
124,0.3277769376426124
125,0.33107724496510493
126,0.3117487392760365
127,0.3418787993724693
128,0.32622844281507435
129,0.3170313729360589
130,0.3455191862142565
131,0.3356984078629398
132,0.3352663273727889
133,0.32845247061346533
134,0.32859469209242764
135,0.3203416138454804
136,0.342924753702159
137,0.29525344624039956
138,0.3311655203119651
139,0.32500001133737055
140,0.3154562564206753
141,0.32199538910914244
142,0.374386754597546
143,0.3339761181747818
144,0.3501913451872392
145,0.360520922097422
146,0.33294668694226937
147,0.3473004971402575
148,0.41808968135131586
149,0.3463662814555074
150,0.32551423192822326
151,0.29728410162993557
152,0.3932345078110734
153,0.33461961334689605
154,0.3243452129734706
155,0.3388809514232783
156,0.33296076187112517
157,0.30808566880773774
158,0.31374756073230087
159,0.36130026424526124
160,0.31804969420107126
161,0.3187210304681765
162,0.3625820727182386
163,0.31061393172911345
164,0.3433398374618958
165,0.3163269699333524
166,0.37967413101864084
167,0.3531251432656294
168,0.34711692600773225
169,0.3307045514178409
170,0.321169768663453
171,0.345003071792778
172,0.3400646714286616
173,0.3550392693591745
174,0.34332929069922785
175,0.3386398540684629
176,0.30266002582245893
177,0.3610006043806676
178,0.31930739264744323
179,0.33965038508605316
180,0.32663347310474944
181,0.3269537296476589
182,0.37854671017943214
183,0.38505407469958397
184,0.3113324583857876
185,0.3096104783166019
186,0.36021841521409953
187,0.3453409309448272
188,0.3646243329526743
189,0.33366897156396813
190,0.32030134051547804
191,0.2995388586907568
192,0.3010933659896921
193,0.3429625866916788
194,0.3192791646687658
195,0.32125845140602627
196,0.35469887269239603
197,0.37447492427866225
198,0.3551309086179747
199,0.3380482105000818
200,0.33606872599063814
201,0.32402216054401395
202,0.354362082101475
203,0.31829253968785226
204,0.274543917810247
205,0.3225793676182921
206,0.32656024729237026
207,0.33429124192293014
208,0.32010088093143996
209,0.33404758644566046
210,0.337473192540901
211,0.34711387511450587
212,0.3250834293124985
213,0.3220977188752441
214,0.3144469431079122
215,0.3330257834406082
216,0.343426108766374
217,0.35423052562638235
218,0.3395436729896157
219,0.37088713154203823
220,0.31554857796875546
221,0.3159181280415088
222,0.3561588265150709
223,0.378024826404067
224,0.34978670568989917
225,0.34734855377698415
226,0.3371623450714586
227,0.3103657974268462
228,0.3328195110365339
229,0.3235810722917933
230,0.34195672148875145
231,0.32433849059235187
232,0.3407607723736217
233,0.36283114967950136
234,0.3505727477001551
235,0.32158570618727184
236,0.3021670932369918
237,0.3575567587886498
238,0.3362812082957749
239,0.32649814593077
240,0.3313406082010427
241,0.30745611204961665
242,0.33995660045499126
243,0.3522292804258844
244,0.3359937598734966
245,0.2853547061821237
246,0.34148490108621365
247,0.34028261981625596
248,0.34865317542213564
249,0.3079050279803247
250,0.3375280520416928
251,0.3391519870722582
252,0.34846770996236087
253,0.3342190863106192
254,0.3263276130897723
255,0.3851493523259317
256,0.31266267442319834
257,0.30580217907264007
258,0.3481279763708185
259,0.3215678718241129
260,0.3165192207847757
261,0.3013070875217051
262,0.3151373288973586
263,0.3072451368322226
264,0.32286923600364964
265,0.35084054968429296
266,0.3288489513982923
267,0.3259529426012276
268,0.3126507917656696
269,0.32811300962217615
270,0.3387375524524824
271,0.31146633012146097
272,0.34636043775440095
273,0.32970161261118613
274,0.3514494355867978
275,0.3178837946288054
276,0.3425246958468394
277,0.3307354535189676
278,0.30633456013796134
279,0.294714937859979
280,0.33413018938581496
281,0.34549847771905207
282,0.3274315647368286
283,0.29431110847839353
284,0.31501110975171165
285,0.3272101356349058
286,0.3797772298808414
287,0.33966132729118015
288,0.3305940046905384
289,0.3281800088816816
290,0.34214200721991955
291,0.3159594442798033
292,0.3556257276052309
293,0.33164843515908526
294,0.3706399040682256
295,0.3407851455585191
296,0.3138230107305207
297,0.2954351087905051
298,0.2824826453475907
299,0.35944425296087534
300,0.3394365081235984
301,0.3306804801729434
302,0.32900323162074674
303,0.3297669609851237
304,0.31732096860287196
305,0.3158973251479519
306,0.29568485452190774
307,0.33669494709527825
308,0.3233895191690819
309,0.31048319060129353
310,0.30441937643894557
311,0.3186207827186963
312,0.3690011867995061
313,0.3135523185594622
314,0.3225480516494452
315,0.323975612665918
316,0.3300120127339662
317,0.2972438228004038
318,0.3839290044207902
319,0.35926930788487177
320,0.3049412761256722
321,0.3356239654479546
322,0.32988990513833416
323,0.34550528878332587
324,0.3401197533976024
325,0.33330342801406054
326,0.3281246896293767
327,0.3259168590343428
328,0.3466508729824947
329,0.3200972541564016
330,0.3293925129526302
331,0.2751311113214061
332,0.3584191307496686
333,0.33039151383161075
334,0.3392359186742161
335,0.3336491571148308
336,0.32459056661185864
337,0.34968957987381966
338,0.30858615293680985
339,0.3516599826566794
340,0.3278604659980785
341,0.3297670276915424
342,0.33714732753518023
343,0.3159735925283249
344,0.3265171498806172
345,0.3394753858774867
346,0.3392064553917818
347,0.322830765881263
348,0.3463939375904091
349,0.3231908089993114
350,0.2976718200435796
351,0.3318256861578849
352,0.30868921905773333
353,0.34352754165460875
354,0.3434422900003167
355,0.3174262866246611
356,0.3176622532691844
357,0.3343597906008823
358,0.31879383063180633
359,0.36142583959044516
360,0.32804113356321324
361,0.3350794086297701
362,0.3477154137671851
363,0.3531704180987484
364,0.3395836832754847
365,0.33030482879336803
366,0.3037434254423536
367,0.3381429253751958
368,0.33212424645241584
369,0.35570758768904703
370,0.3444702823765639
371,0.31104291105048176
372,0.36497831031287215
373,0.3269150378766165
374,0.335704377087844
375,0.2895159921700285
376,0.32144743400697134
377,0.37350201980804937
378,0.35024946693336717
379,0.3303534373700975
380,0.3211163101915754
381,0.31378725677546415
382,0.3608835388006998
383,0.32854236677932963
384,0.31763111424138035
385,0.330728145336052
386,0.338685342487443
387,0.35303673270922575
388,0.31032808566338066
389,0.31435803305380927
390,0.2949567772790597
391,0.3489021517210265
392,0.306224164864809
393,0.30361051643010306
394,0.3709298403512505
395,0.36120027094549484
396,0.31187863481201294
397,0.3072438313833749
398,0.3489304870744379
399,0.3235458050356459
400,0.3711670697325523
401,0.31373328373489784
402,0.2753883488377814
403,0.3627125705595159
404,0.3374952837029083
405,0.3075626075389707
406,0.30919748845182793
407,0.3195706059010208
408,0.36163968673788993
409,0.34133983747140795
410,0.32880809065375427
411,0.33966082187759794
412,0.3706512667969747
413,0.27888373796993493
414,0.3159915665583305
415,0.3168742827857506
416,0.34853955350870425
417,0.29892755064766124
418,0.34722339064938906
419,0.32229771703125465
420,0.33687401160262037
421,0.3384798213523302
422,0.33112095351056003
423,0.3394945549933831
424,0.3322381755993554
425,0.3654258008975468
426,0.3239466378160757
427,0.3389793183973683
428,0.3219361847555808
429,0.3234827954110516
430,0.35715861008760663
431,0.32854244333255606
432,0.34726396915419616
433,0.31462581173894966
434,0.35237829207858173
435,0.3411703550136416
436,0.32377347923263733
437,0.3647625242151352
438,0.321671270805121
439,0.37054092748439954
440,0.33959045740550176
441,0.3144795307011797
442,0.34528281870395505
443,0.345788764299481
444,0.3539056863147792
445,0.3217425247458728
446,0.3690253953599069
447,0.3266240891534787
448,0.3170485909592781
449,0.33585021573518375
450,0.3474837834311927
451,0.3536852836211843
452,0.33218719530074964
453,0.32078252415767466
454,0.3609728745475851
455,0.3233577627400023
456,0.36084390210207806
457,0.3120001716453304
458,0.35051085423756934
459,0.35720714799565456
460,0.3293011420220586
461,0.3141675614651036
462,0.3337990922966243
463,0.36805712165931254
464,0.3229991937644471
465,0.3250400273878144
466,0.3630280801728204
467,0.31111484241277687
468,0.29221555756592393
469,0.31752848141119916
470,0.32893099320766866
471,0.3426893286218509
472,0.3465091860734449
473,0.32905676053051336
474,0.3273148809488855
475,0.320029970564658
476,0.35980429033691086
477,0.37484112894315
478,0.32141306126579694
479,0.3555297188676408
480,0.34851487241160195
481,0.3680118712935586
482,0.3324717877989801
483,0.35591657938215865
484,0.355929247607178
485,0.33461927388405927
486,0.3120129683588738
487,0.31317992203528766
488,0.3541151496666642
489,0.34120702255330415
490,0.3124620690294187
491,0.3120661052509709
492,0.32583124681315007
493,0.3764936495892863
494,0.3263358118176045
495,0.32882105230963976
496,0.35598581794555384
497,0.3371809274670975
498,0.33270981610501893
499,0.3534843450743969
500,0.35270911824014695
501,0.3244218265489641
502,0.3728617980828248
503,0.32486183607307423
504,0.3581021600023354
505,0.29854172443090154
506,0.3490586446454854
507,0.3154861843812748
508,0.3567985548402658
509,0.3891521317352625
510,0.36460382986564055
511,0.34188677028756687
512,0.34125049579257366
513,0.2794118456598523
514,0.3171168449828109
515,0.3410983286913335
516,0.3502585626310327
517,0.2864568814345806
518,0.32503249554071834
519,0.3257939050208522
520,0.3364414509791296
521,0.3317187866803665
522,0.3451292388003816
523,0.34159185376437873
524,0.34780745228395854
525,0.3692447160212144
526,0.28860014462824
527,0.3312419070877043
528,0.3466029876556192
529,0.30350327609342626
530,0.34901441892212814
531,0.3209969878695497
532,0.313438615085458
533,0.33194474057243784
534,0.3126476856778084
535,0.33036818411229874
536,0.3429862629410145
537,0.3571079481025923
538,0.3057217145230971
539,0.34002317006023414
540,0.3397538096939301
541,0.3695135075419639
542,0.33580614416903415
543,0.3396218065442974
544,0.3605510587804026
545,0.31962936622573124
546,0.3436216652126891
547,0.33855847029687314
548,0.3350887173063285
549,0.34333281635336943
550,0.3679517747957364
551,0.3299164012778987
552,0.322888781413342
553,0.3374902598525144
554,0.33483182669061157
555,0.36638503620067103
556,0.3068368266736974
557,0.3242419999982156
558,0.32013653573613227
559,0.31943268641584444
560,0.3482146199624758
561,0.3610615531545488
562,0.31236843526772723
563,0.3570405833708474
564,0.30589234557225786
565,0.32100772840819464
566,0.3777854914457991
567,0.3429303560767787
568,0.36213872600606994
569,0.36622850406639906
570,0.3154446833837424
571,0.32639236629805135
572,0.35006587153667973
573,0.3396436798379579
574,0.34933151442015736
575,0.3301173238287734
576,0.35108154123370316
577,0.3662245871497968
578,0.344952040424486
579,0.348274145646759
580,0.3210793825042092
581,0.3058227578642425
582,0.33859580593710376
583,0.3334221540801344
584,0.3462844664105492
585,0.3201168620747735
586,0.3200865077229623
587,0.3317128581379386
588,0.3485789325571614
589,0.3103013360191378
590,0.33183977128908915
591,0.30240605482586713
592,0.3594834591495149
593,0.31162271198384867
594,0.33206812781533257
595,0.34474116356750034
596,0.2644557284193138
597,0.3302254837205928
598,0.35034388726545196
599,0.3294990112391127
600,0.3113820214697304
601,0.34243722307062935
602,0.3236261905810783
603,0.3490094387793739
604,0.35148814522328997
605,0.389601142783156
606,0.34487959520468514
607,0.33724905264061344
608,0.29820205367730696
609,0.3272006364028669
610,0.35571332171662057
611,0.3364693072838587
612,0.33700063789989165
613,0.34377317804401064
614,0.3350097907882333
615,0.2955221958861135
616,0.36462834525419174
617,0.3253011649496963
618,0.36860387952990437
619,0.3276295141946315
620,0.33369114172642805
621,0.34669319230866874
622,0.35173628711811283
623,0.34881182284235934
624,0.3417642497813725
625,0.3283796815517329
626,0.305666400660162
627,0.31493897622797884
628,0.3126486250571744
629,0.3631231398267796
630,0.3489252719774503
631,0.31075979459734804
632,0.32189503252759805
633,0.39473362195284006
634,0.32527229573118543
635,0.335614817952318
636,0.3369535398356005
637,0.3571860269179714
638,0.32635459297271024
639,0.34840088700016963
640,0.35752500738421955
641,0.3310350111164741
642,0.3443788231341648
643,0.36710571299045974
644,0.3351887807625873
645,0.3363043196174477
646,0.3268914946825991
647,0.31842114476596284
648,0.3476654392125229
649,0.28909696737047774
650,0.3200434415575416
651,0.31060795980915923
652,0.3439928176359349
653,0.3534205768833167
654,0.36094057217167563
655,0.339119960193768
656,0.3475056294928924
657,0.3985004793384529
658,0.3017114896583938
659,0.33518510580764616
660,0.32727951366106806
661,0.3062424315216524
662,0.3377327367205913
663,0.307998892445762
664,0.34991609743520175
665,0.31585252370465255
666,0.3259608046147449
667,0.3318856045544866
668,0.36949185034466414
669,0.3346322856629591
670,0.31764708892536975
671,0.34904256855435084
672,0.3343164587705767
673,0.31113464938918706
674,0.32106908155600733
675,0.30136932635426344
676,0.3643039256701009
677,0.3293533101328007
678,0.33087460545711905
679,0.32130964802264106
680,0.32084187253026225
681,0.3554502544964589
682,0.33262767098873003
683,0.3145836135283908
684,0.31813503594783976
685,0.33749496360860387
686,0.3387202093175026
687,0.3323428090645924
688,0.33293910275843047
689,0.3204407018424186
690,0.31617773332643856
691,0.3579969299915012
692,0.31540347162493243
693,0.3536136944988139
694,0.32631536924879906
695,0.36009428465816357
696,0.3455709058877604
697,0.3372835621124898
698,0.33266784270340327
699,0.3187894803442871
700,0.31816914371878324
701,0.3526371675848158
702,0.3139736418185274
703,0.3319611095028977
704,0.31125655401003105
705,0.3341679781380037
706,0.36179047069429193
707,0.31108023191199985
708,0.3455495892803054
709,0.35845340572792955
710,0.3646783906634291
711,0.3014429953194109
712,0.3700760592006542
713,0.34773122749926444
714,0.3335610857167094
715,0.3300961661317984
716,0.324083553288254
717,0.3176791792184047
718,0.34396794753166093
719,0.3435977300288596
720,0.355173798202671
721,0.39221375845428025
722,0.340402175295412
723,0.3084070002801816
724,0.33035515604758386
725,0.30933853536459177
726,0.3313701857399852
727,0.3280925289358721
728,0.3415020915680634
729,0.3146081328033796
730,0.3377936336507056
731,0.35239206617387364
732,0.32410799608572904
733,0.35607397942111507
734,0.31552679467576966
735,0.3532323156100903
736,0.3423354268433249
737,0.3027849438231686
738,0.298646061276377
739,0.35484317755570705
740,0.33433815149551904
741,0.29828745730575845
742,0.338137806433678
743,0.3354278826931246
744,0.3520394430808219
745,0.3281549086925441
746,0.30624553658942605
747,0.3572298738852525
748,0.28699694977635215
749,0.3447975797252963
750,0.3249984768382555
751,0.34482553777085956
752,0.33397062736807126
753,0.36908210076201786
754,0.3279417381228387
755,0.368683808459859
756,0.32619771493776323
757,0.3214051590393393
758,0.3152953085168092
759,0.34387788195051533
760,0.3642889884526569
761,0.33802671670858964
762,0.324597763444629
763,0.3224536308064784
764,0.3468652252129653
765,0.3415858738575119
766,0.35772236393100004
767,0.34341255745312677
768,0.32663405133351225
769,0.32644469432416523
770,0.335782329974925
771,0.3457314606781225
772,0.3040611300502065
773,0.33022663491954163
774,0.36205381036749185
775,0.30905687992773634
776,0.3739363432649353
777,0.32550194275556665
778,0.33881843844442383
779,0.3038103513847377
780,0.3337105041652414
781,0.3880659092102062
782,0.34478332997753797
783,0.3230029359241945
784,0.32953599575384357
785,0.3193791668497381
786,0.3704828526154234
787,0.34868042849944114
788,0.3375158128587037
789,0.36529235762387596
790,0.32737203875936294
791,0.314584299647955
792,0.33789799686660815
793,0.3466683242409266
794,0.3602995479915064
795,0.34450188204911003
796,0.3477196927822578
797,0.3473104408325885
798,0.31669971794094093
799,0.3216725165613243
800,0.2949739476392329
801,0.326001791580027
802,0.31673480595432646
803,0.32590503892019174
804,0.35498332834181895
805,0.34203588508101634
806,0.3365030426593675
807,0.32194723635064704
808,0.31791487585339506
809,0.3656312891563166
810,0.3329187243177908
811,0.31646927020308446
812,0.31625557142826205
813,0.3485871207246701
814,0.3250087848583803
815,0.3275890130644874
816,0.3245753748322061
817,0.326915946063697
818,0.330777937018073
819,0.3351971564550417
820,0.30151411621033825
821,0.3728135858293478
822,0.33848651158592313
823,0.310635590447108
824,0.3319603388515624
825,0.34445370452312096
826,0.33598740932160936
827,0.3125151475718835
828,0.3185329337117321
829,0.3095666053043785
830,0.33661068247327486
831,0.29482818144389566
832,0.33248359064366395
833,0.3177888978619426
834,0.3383889117878473
835,0.30356892648459244
836,0.32908915749385503
837,0.3057088024607452
838,0.3505107029210072
839,0.33843662904583005
840,0.34171318794751604
841,0.32016989777953075
842,0.3450055441578076
843,0.33207939339465253
844,0.34458917641097103
845,0.33703876252809195
846,0.3524877119209383
847,0.29099601872651193
848,0.34244962693511016
849,0.35514646078595175
850,0.29944383043791256
851,0.3262824130979599
852,0.30985228785713137
853,0.28950207822496105
854,0.32516449863381724
855,0.3624926998193294
856,0.36199323935233046
857,0.33809213297986074
858,0.3215761622154803
859,0.36054778219740696
860,0.34987550016042696
861,0.31662513835810935
862,0.32707009066130927
863,0.33929562076551856
864,0.32613627727672306
865,0.33780695190815757
866,0.3376043521326824
867,0.3516953066578526
868,0.33397287400106557
869,0.3229515525810785
870,0.3588935549924314
871,0.3638918537931379
872,0.2844120885741566
873,0.318354311281302
874,0.3618076860535211
875,0.3451290496866066
876,0.33160243984078824
877,0.29028724787902965
878,0.31694813041324144
879,0.33415541259403597
880,0.3433167556299104
881,0.38816578518461686
882,0.3063078309895861
883,0.3400171643542212
884,0.3584685290925761
885,0.35144668362479564
886,0.35630111316493035
887,0.2988686448924673
888,0.3154401727469323
889,0.316906481033703
890,0.3364009402339926
891,0.3493330087816083
892,0.3240306915012369
893,0.3398520972103965
894,0.30012569272599576
895,0.31248452938145294
896,0.3053618247654041
897,0.3653193605743619
898,0.3348546019165637
899,0.33986222573224434
900,0.3679979812134407
901,0.3209618931731204
902,0.33979821641334473
903,0.3505745291543739
904,0.32576922076022885
905,0.335732072293671
906,0.2887634498998654
907,0.3009917979619493
908,0.3362206335203005
909,0.37795599193633783
910,0.36086067806184985
911,0.2884954382670919
912,0.3279805259077108
913,0.33276571622572537
914,0.35239107629384975
915,0.3559154413957802
916,0.3095120271291182
917,0.3511479194227456
918,0.33313229570550107
919,0.395562350652753
920,0.3730687663758159
921,0.31080549685896763
922,0.33180880774959876
923,0.3455097200940852
924,0.3305050103405519
925,0.34559726648628497
926,0.3080441309827275
927,0.3361071920019626
928,0.3293912206067013
929,0.35492335036736117
930,0.3447402688390139
931,0.35350835458398633
932,0.29401357270445727
933,0.33114264928413417
934,0.3600662557983927
935,0.35132347084465476
936,0.2998620846852329
937,0.3416323446781445
938,0.3338165197528964
939,0.3318064869085299
940,0.3407928700964299
941,0.3770171754333665
942,0.31573563787782244
943,0.3419456568414505
944,0.338768436467506
945,0.3336258016926842
946,0.34663053813682887
947,0.347909146180465
948,0.3226738708971311
949,0.3405951981259046
950,0.3452866744904798
951,0.2979815653522044
952,0.29648520622921126
953,0.3251489346990541
954,0.35631165546089616
955,0.35997826363832874
956,0.2972173516308489
957,0.3154738242267709
958,0.30551820605589863
959,0.29601162210691306
960,0.3149022746332589
961,0.3347045315199427
962,0.3563708919195908
963,0.30327216246499017
964,0.3444116461743275
965,0.3171175620837447
966,0.3459638898487455
967,0.34069589543983575
968,0.30943361714948836
969,0.3533766954507218
970,0.31138380846883995
971,0.29816638545849655
972,0.3197268043044086
973,0.3152381899650238
974,0.3516594298495787
975,0.3618728858911529
976,0.320332120714783
977,0.31216664630740476
978,0.32973596502253527
979,0.3272129399586602
980,0.29428591898984824
981,0.33761210724184865
982,0.30980655447538574
983,0.31414615449768396
984,0.29547348285513203
985,0.32789635175444626
986,0.29957601910402637
987,0.31494203066611626
988,0.3381224437377929
989,0.33239484695806537
990,0.31913473448954827
991,0.34486209243052923
992,0.3801525433574759
993,0.31169534886712513
994,0.3017961716314355
995,0.3080665641177655
996,0.29849632949168686
997,0.32321456574743135
998,0.3167899879561433
999,0.35076369920014544
