feedback_class,class_name,bin_line_density_lines_per_angstrom,bin_activity_ew_angstrom,count,density
1,NoFeedback,2.1880370443097306,0.007347726707592954,356495,0.569395330413644
1,NoFeedback,2.1880370443097306,0.022042794287273154,30409,0.048569384149983866
1,NoFeedback,2.1880370443097306,0.03673786186695335,13977,0.02232412385360665
1,NoFeedback,2.1880370443097306,0.05143292944663355,8315,0.013280753369302373
1,NoFeedback,2.1880370443097306,0.06612799702631375,5605,0.008952329841844835
1,NoFeedback,2.1880370443097306,0.08082306460599395,4049,0.006467080023127517
1,NoFeedback,2.1880370443097306,0.09551813218567415,3235,0.0051669557606365815
1,NoFeedback,2.1880370443097306,0.11021319976535435,2478,0.003957872140605085
1,NoFeedback,2.1880370443097306,0.12490826734503455,2022,0.003229547000929573
1,NoFeedback,2.1880370443097306,0.13960333492471474,1684,0.0026896919631876366
1,NoFeedback,2.1880370443097306,0.15429840250439494,1362,0.0021753921935044897
1,NoFeedback,2.1880370443097306,0.16899347008407514,1163,0.0018575485470232905
1,NoFeedback,2.1880370443097306,0.18368853766375534,1024,0.0016355371557625533
1,NoFeedback,2.1880370443097306,0.19838360524343554,819,0.0013081102837593076
1,NoFeedback,2.1880370443097306,0.21307867282311574,730,0.001165959105182289
1,NoFeedback,2.1880370443097306,0.22777374040279594,647,0.0010333911521273164
1,NoFeedback,2.1880370443097306,0.24246880798247614,563,0.0008992259948186694
1,NoFeedback,2.1880370443097306,0.2571638755621563,515,0.0008225601906422998
1,NoFeedback,2.1880370443097306,0.2718589431418365,430,0.0006867978290799784
1,NoFeedback,2.1880370443097306,0.2865540107215167,384,0.0006133264334109575
1,NoFeedback,2.1880370443097306,0.3012490783011969,390,0.0006229096589330037
1,NoFeedback,2.1880370443097306,0.3159441458808771,293,0.0004679808463265899
1,NoFeedback,2.1880370443097306,0.3306392134605573,260,0.0004152731059553358
1,NoFeedback,2.1880370443097306,0.3453342810402375,214,0.0003418017102863148
1,NoFeedback,2.1880370443097306,0.3600293486199177,233,0.00037214859110612785
1,NoFeedback,2.1880370443097306,0.3747244161995979,188,0.00030027439969078124
1,NoFeedback,2.1880370443097306,0.3894194837792781,147,0.00023478902529013216
1,NoFeedback,2.1880370443097306,0.4041145513589583,158,0.0002523582720805502
1,NoFeedback,2.1880370443097306,0.4188096189386385,128,0.00020444214447031916
1,NoFeedback,2.1880370443097306,0.4335046865183187,100,0.00015972042536743683
1,NoFeedback,2.1880370443097306,0.4481997540979989,98,0.0001565260168600881
1,NoFeedback,2.1880370443097306,0.4628948216776791,79,0.0001261791360402751
1,NoFeedback,2.1880370443097306,0.4775898892573593,64,0.00010222107223515958
1,NoFeedback,2.1880370443097306,0.4922849568370395,73,0.00011659591051822889
1,NoFeedback,2.1880370443097306,0.5069800244167197,30,4.791612761023105e-05
1,NoFeedback,2.1880370443097306,0.5216750919963999,27,4.312451484920795e-05
1,NoFeedback,2.1880370443097306,0.5363701595760801,27,4.312451484920795e-05
1,NoFeedback,2.1880370443097306,0.5510652271557603,14,2.236085955144116e-05
1,NoFeedback,2.1880370443097306,0.5657602947354405,7,1.118042977572058e-05
1,NoFeedback,3.0811133889262425,0.007347726707592954,130343,0.2081843940366782
1,NoFeedback,3.0811133889262425,0.022042794287273154,12930,0.020651851000009585
1,NoFeedback,3.0811133889262425,0.03673786186695335,5197,0.008300670506345692
1,NoFeedback,3.0811133889262425,0.05143292944663355,2714,0.004334812344472236
1,NoFeedback,3.0811133889262425,0.06612799702631375,1622,0.0025906652994598257
1,NoFeedback,3.0811133889262425,0.08082306460599395,1044,0.0016674812408360405
1,NoFeedback,3.0811133889262425,0.09551813218567415,689,0.0011004737307816399
1,NoFeedback,3.0811133889262425,0.11021319976535435,520,0.0008305462119106716
1,NoFeedback,3.0811133889262425,0.12490826734503455,397,0.0006340900887087242
1,NoFeedback,3.0811133889262425,0.13960333492471474,292,0.00046638364207291557
1,NoFeedback,3.0811133889262425,0.15429840250439494,227,0.00036256536558408164
1,NoFeedback,3.0811133889262425,0.16899347008407514,168,0.0002683303146172939
1,NoFeedback,3.0811133889262425,0.18368853766375534,145,0.0002315946167827834
1,NoFeedback,3.0811133889262425,0.19838360524343554,112,0.00017888687641152927
1,NoFeedback,3.0811133889262425,0.21307867282311574,89,0.0001421511785770188
1,NoFeedback,3.0811133889262425,0.22777374040279594,64,0.00010222107223515958
1,NoFeedback,3.0811133889262425,0.24246880798247614,56,8.944343820576463e-05
1,NoFeedback,3.0811133889262425,0.2571638755621563,39,6.229096589330036e-05
1,NoFeedback,3.0811133889262425,0.2718589431418365,44,7.02769871616722e-05
1,NoFeedback,3.0811133889262425,0.2865540107215167,42,6.708257865432348e-05
1,NoFeedback,3.0811133889262425,0.3012490783011969,41,6.54853744006491e-05
1,NoFeedback,3.0811133889262425,0.3159441458808771,33,5.2707740371254154e-05
1,NoFeedback,3.0811133889262425,0.3306392134605573,20,3.194408507348737e-05
1,NoFeedback,3.0811133889262425,0.3453342810402375,19,3.0346880819813e-05
1,NoFeedback,3.0811133889262425,0.3600293486199177,6,9.58322552204621e-06
1,NoFeedback,3.0811133889262425,0.3747244161995979,13,2.076365529776679e-05
1,NoFeedback,3.0811133889262425,0.3894194837792781,8,1.2777634029394948e-05
1,NoFeedback,3.0811133889262425,0.4041145513589583,3,4.791612761023105e-06
1,NoFeedback,3.0811133889262425,0.4188096189386385,11,1.756924679041805e-05
1,NoFeedback,3.0811133889262425,0.4335046865183187,9,1.4374838283069316e-05
1,NoFeedback,3.0811133889262425,0.4481997540979989,6,9.58322552204621e-06
1,NoFeedback,3.0811133889262425,0.4628948216776791,3,4.791612761023105e-06
1,NoFeedback,3.0811133889262425,0.4775898892573593,6,9.58322552204621e-06
1,NoFeedback,3.0811133889262425,0.4922849568370395,5,7.986021268371842e-06
1,NoFeedback,3.0811133889262425,0.5069800244167197,4,6.388817014697474e-06
1,NoFeedback,3.0811133889262425,0.5216750919963999,1,1.5972042536743685e-06
1,NoFeedback,3.0811133889262425,0.5363701595760801,1,1.5972042536743685e-06
1,NoFeedback,3.0811133889262425,0.5510652271557603,2,3.194408507348737e-06
1,NoFeedback,3.0811133889262425,0.5657602947354405,2,3.194408507348737e-06
1,NoFeedback,4.867266078159267,0.007347726707592954,26261,0.04194418090574259
1,NoFeedback,4.867266078159267,0.022042794287273154,1401,0.00223768315939779
1,NoFeedback,4.867266078159267,0.03673786186695335,470,0.0007506859992269531
1,NoFeedback,4.867266078159267,0.05143292944663355,161,0.0002571498848415733
1,NoFeedback,4.867266078159267,0.06612799702631375,83,0.00013256795305497258
1,NoFeedback,4.867266078159267,0.08082306460599395,49,7.826300843004405e-05
1,NoFeedback,4.867266078159267,0.09551813218567415,19,3.0346880819813e-05
1,NoFeedback,4.867266078159267,0.11021319976535435,17,2.7152472312464262e-05
1,NoFeedback,4.867266078159267,0.12490826734503455,14,2.236085955144116e-05
1,NoFeedback,4.867266078159267,0.13960333492471474,11,1.756924679041805e-05
1,NoFeedback,4.867266078159267,0.15429840250439494,2,3.194408507348737e-06
1,NoFeedback,4.867266078159267,0.16899347008407514,3,4.791612761023105e-06
1,NoFeedback,4.867266078159267,0.18368853766375534,3,4.791612761023105e-06
1,NoFeedback,4.867266078159267,0.19838360524343554,1,1.5972042536743685e-06
1,NoFeedback,4.867266078159267,0.21307867282311574,1,1.5972042536743685e-06
1,NoFeedback,4.867266078159267,0.22777374040279594,1,1.5972042536743685e-06
1,NoFeedback,4.867266078159267,0.24246880798247614,2,3.194408507348737e-06
1,NoFeedback,4.867266078159267,0.2865540107215167,2,3.194408507348737e-06
1,NoFeedback,4.867266078159267,0.3012490783011969,3,4.791612761023105e-06
1,NoFeedback,4.867266078159267,0.3159441458808771,3,4.791612761023105e-06
1,NoFeedback,4.867266078159267,0.3306392134605573,3,4.791612761023105e-06
1,NoFeedback,4.867266078159267,0.3453342810402375,3,4.791612761023105e-06
1,NoFeedback,4.867266078159267,0.3747244161995979,1,1.5972042536743685e-06
1,NoFeedback,4.867266078159267,0.3894194837792781,1,1.5972042536743685e-06
1,NoFeedback,4.867266078159267,0.4041145513589583,1,1.5972042536743685e-06
1,NoFeedback,4.867266078159267,0.4188096189386385,2,3.194408507348737e-06
1,NoFeedback,4.867266078159267,0.4481997540979989,1,1.5972042536743685e-06
1,NoFeedback,4.867266078159267,0.4628948216776791,2,3.194408507348737e-06
1,NoFeedback,4.867266078159267,0.5069800244167197,1,1.5972042536743685e-06
1,NoFeedback,4.867266078159267,0.5216750919963999,3,4.791612761023105e-06
1,NoFeedback,4.867266078159267,0.5363701595760801,1,1.5972042536743685e-06
1,NoFeedback,4.867266078159267,0.5510652271557603,1,1.5972042536743685e-06
1,NoFeedback,6.653418767392292,0.007347726707592954,1976,0.003156075605260552
1,NoFeedback,6.653418767392292,0.022042794287273154,42,6.708257865432348e-05
1,NoFeedback,6.653418767392292,0.03673786186695335,11,1.756924679041805e-05
1,NoFeedback,6.653418767392292,0.05143292944663355,1,1.5972042536743685e-06
1,NoFeedback,6.653418767392292,0.06612799702631375,1,1.5972042536743685e-06
1,NoFeedback,6.653418767392292,0.2571638755621563,1,1.5972042536743685e-06
1,NoFeedback,6.653418767392292,0.2718589431418365,1,1.5972042536743685e-06
1,NoFeedback,6.653418767392292,0.2865540107215167,2,3.194408507348737e-06
1,NoFeedback,6.653418767392292,0.3159441458808771,2,3.194408507348737e-06
1,NoFeedback,6.653418767392292,0.3306392134605573,1,1.5972042536743685e-06
1,NoFeedback,6.653418767392292,0.3453342810402375,1,1.5972042536743685e-06
1,NoFeedback,6.653418767392292,0.3600293486199177,2,3.194408507348737e-06
1,NoFeedback,6.653418767392292,0.3747244161995979,1,1.5972042536743685e-06
1,NoFeedback,6.653418767392292,0.3894194837792781,2,3.194408507348737e-06
1,NoFeedback,6.653418767392292,0.4041145513589583,3,4.791612761023105e-06
1,NoFeedback,6.653418767392292,0.4188096189386385,4,6.388817014697474e-06
1,NoFeedback,6.653418767392292,0.4481997540979989,1,1.5972042536743685e-06
1,NoFeedback,6.653418767392292,0.4775898892573593,1,1.5972042536743685e-06
1,NoFeedback,6.653418767392292,0.5216750919963999,4,6.388817014697474e-06
1,NoFeedback,6.653418767392292,0.5363701595760801,1,1.5972042536743685e-06
1,NoFeedback,6.653418767392292,0.5510652271557603,2,3.194408507348737e-06
1,NoFeedback,8.439571456625316,0.007347726707592954,46,7.347139566902095e-05
1,NoFeedback,8.439571456625316,0.3012490783011969,1,1.5972042536743685e-06
1,NoFeedback,8.439571456625316,0.3159441458808771,3,4.791612761023105e-06
1,NoFeedback,8.439571456625316,0.3600293486199177,2,3.194408507348737e-06
1,NoFeedback,8.439571456625316,0.3747244161995979,2,3.194408507348737e-06
1,NoFeedback,8.439571456625316,0.3894194837792781,1,1.5972042536743685e-06
1,NoFeedback,8.439571456625316,0.4041145513589583,1,1.5972042536743685e-06
1,NoFeedback,8.439571456625316,0.4335046865183187,1,1.5972042536743685e-06
1,NoFeedback,8.439571456625316,0.4628948216776791,1,1.5972042536743685e-06
1,NoFeedback,8.439571456625316,0.4775898892573593,1,1.5972042536743685e-06
1,NoFeedback,8.439571456625316,0.5069800244167197,5,7.986021268371842e-06
1,NoFeedback,8.439571456625316,0.5216750919963999,2,3.194408507348737e-06
1,NoFeedback,8.439571456625316,0.5510652271557603,3,4.791612761023105e-06
1,NoFeedback,8.439571456625316,0.5657602947354405,2,3.194408507348737e-06
1,NoFeedback,10.22572414585834,0.007347726707592954,10,1.5972042536743685e-05
1,NoFeedback,10.22572414585834,0.3159441458808771,1,1.5972042536743685e-06
1,NoFeedback,10.22572414585834,0.3600293486199177,1,1.5972042536743685e-06
1,NoFeedback,10.22572414585834,0.3894194837792781,1,1.5972042536743685e-06
1,NoFeedback,10.22572414585834,0.4188096189386385,1,1.5972042536743685e-06
1,NoFeedback,10.22572414585834,0.4481997540979989,1,1.5972042536743685e-06
1,NoFeedback,10.22572414585834,0.4628948216776791,2,3.194408507348737e-06
1,NoFeedback,10.22572414585834,0.4922849568370395,2,3.194408507348737e-06
1,NoFeedback,10.22572414585834,0.5069800244167197,2,3.194408507348737e-06
1,NoFeedback,10.22572414585834,0.5216750919963999,2,3.194408507348737e-06
1,NoFeedback,10.22572414585834,0.5363701595760801,3,4.791612761023105e-06
1,NoFeedback,10.22572414585834,0.5510652271557603,2,3.194408507348737e-06
1,NoFeedback,10.22572414585834,0.5657602947354405,2,3.194408507348737e-06
1,NoFeedback,12.011876835091366,0.007347726707592954,11,1.756924679041805e-05
1,NoFeedback,12.011876835091366,0.3747244161995979,1,1.5972042536743685e-06
1,NoFeedback,12.011876835091366,0.4041145513589583,1,1.5972042536743685e-06
1,NoFeedback,12.011876835091366,0.4188096189386385,3,4.791612761023105e-06
1,NoFeedback,12.011876835091366,0.4335046865183187,2,3.194408507348737e-06
1,NoFeedback,12.011876835091366,0.4628948216776791,1,1.5972042536743685e-06
1,NoFeedback,12.011876835091366,0.4775898892573593,2,3.194408507348737e-06
1,NoFeedback,12.011876835091366,0.4922849568370395,1,1.5972042536743685e-06
1,NoFeedback,12.011876835091366,0.5216750919963999,2,3.194408507348737e-06
1,NoFeedback,12.011876835091366,0.5363701595760801,2,3.194408507348737e-06
1,NoFeedback,12.011876835091366,0.5510652271557603,1,1.5972042536743685e-06
1,NoFeedback,13.79802952432439,0.007347726707592954,1,1.5972042536743685e-06
1,NoFeedback,13.79802952432439,0.4628948216776791,1,1.5972042536743685e-06
1,NoFeedback,13.79802952432439,0.4775898892573593,1,1.5972042536743685e-06
1,NoFeedback,13.79802952432439,0.5216750919963999,1,1.5972042536743685e-06
1,NoFeedback,15.584182213557414,0.007347726707592954,1,1.5972042536743685e-06
1,NoFeedback,15.584182213557414,0.4335046865183187,1,1.5972042536743685e-06
1,NoFeedback,15.584182213557414,0.4775898892573593,1,1.5972042536743685e-06
1,NoFeedback,15.584182213557414,0.5363701595760801,2,3.194408507348737e-06
1,NoFeedback,15.584182213557414,0.5510652271557603,1,1.5972042536743685e-06
1,NoFeedback,17.37033490279044,0.4922849568370395,1,1.5972042536743685e-06
1,NoFeedback,17.37033490279044,0.5363701595760801,1,1.5972042536743685e-06
1,NoFeedback,17.37033490279044,0.5510652271557603,1,1.5972042536743685e-06
1,NoFeedback,17.37033490279044,0.5657602947354405,1,1.5972042536743685e-06
1,NoFeedback,20.942640281256487,0.007347726707592954,1,1.5972042536743685e-06
1,NoFeedback,26.301098348955563,0.5657602947354405,1,1.5972042536743685e-06
2,StellarWind,2.1880370443097306,0.007347726707592954,352471,0.5670063622543776
2,StellarWind,2.1880370443097306,0.022042794287273154,29981,0.04822926637013682
2,StellarWind,2.1880370443097306,0.03673786186695335,13914,0.022382909585206754
2,StellarWind,2.1880370443097306,0.05143292944663355,8420,0.013544925880942997
2,StellarWind,2.1880370443097306,0.06612799702631375,5690,0.009153281266337963
2,StellarWind,2.1880370443097306,0.08082306460599395,4151,0.006677551939643038
2,StellarWind,2.1880370443097306,0.09551813218567415,3266,0.005253886927216131
2,StellarWind,2.1880370443097306,0.11021319976535435,2591,0.004168040731297304
2,StellarWind,2.1880370443097306,0.12490826734503455,2002,0.003220539384043691
2,StellarWind,2.1880370443097306,0.13960333492471474,1696,0.0027282891085604897
2,StellarWind,2.1880370443097306,0.15429840250439494,1502,0.0024162088685482637
2,StellarWind,2.1880370443097306,0.16899347008407514,1251,0.0020124349497695595
2,StellarWind,2.1880370443097306,0.18368853766375534,1028,0.0016537035398585987
2,StellarWind,2.1880370443097306,0.19838360524343554,908,0.0014606642161396962
2,StellarWind,2.1880370443097306,0.21307867282311574,819,0.00131749338438151
2,StellarWind,2.1880370443097306,0.22777374040279594,713,0.0011469753150964795
2,StellarWind,2.1880370443097306,0.24246880798247614,677,0.0010890635179808088
2,StellarWind,2.1880370443097306,0.2571638755621563,574,0.0009233714317887507
2,StellarWind,2.1880370443097306,0.2718589431418365,516,0.000830069091991281
2,StellarWind,2.1880370443097306,0.2865540107215167,470,0.0007560706845657017
2,StellarWind,2.1880370443097306,0.3012490783011969,403,0.0006482903954893145
2,StellarWind,2.1880370443097306,0.3159441458808771,356,0.0005726833270327442
2,StellarWind,2.1880370443097306,0.3306392134605573,336,0.0005405101064129272
2,StellarWind,2.1880370443097306,0.3453342810402375,295,0.00047455500414230216
2,StellarWind,2.1880370443097306,0.3600293486199177,263,0.0004230778511505948
2,StellarWind,2.1880370443097306,0.3747244161995979,255,0.00041020856290266796
2,StellarWind,2.1880370443097306,0.3894194837792781,196,0.0003152975620742075
2,StellarWind,2.1880370443097306,0.4041145513589583,185,0.00029760229073330814
2,StellarWind,2.1880370443097306,0.4188096189386385,153,0.00024612513774160076
2,StellarWind,2.1880370443097306,0.4335046865183187,143,0.00023003852743169224
2,StellarWind,2.1880370443097306,0.4481997540979989,125,0.00020108262887385685
2,StellarWind,2.1880370443097306,0.4628948216776791,124,0.000199473967842866
2,StellarWind,2.1880370443097306,0.4775898892573593,93,0.0001496054758821495
2,StellarWind,2.1880370443097306,0.4922849568370395,78,0.00012547556041728666
2,StellarWind,2.1880370443097306,0.5069800244167197,74,0.00011904091629332325
2,StellarWind,2.1880370443097306,0.5216750919963999,57,9.169367876647872e-05
2,StellarWind,2.1880370443097306,0.5363701595760801,36,5.7911797115670774e-05
2,StellarWind,2.1880370443097306,0.5510652271557603,25,4.0216525774771366e-05
2,StellarWind,2.1880370443097306,0.5657602947354405,7,1.1260627216935984e-05
2,StellarWind,3.0811133889262425,0.007347726707592954,128065,0.20601317493384383
2,StellarWind,3.0811133889262425,0.022042794287273154,12662,0.0203688659744062
2,StellarWind,3.0811133889262425,0.03673786186695335,5065,0.008147868121968679
2,StellarWind,3.0811133889262425,0.05143292944663355,2666,0.004288690308621619
2,StellarWind,3.0811133889262425,0.06612799702631375,1621,0.0026076395312361754
2,StellarWind,3.0811133889262425,0.08082306460599395,1049,0.0016874854215094067
2,StellarWind,3.0811133889262425,0.09551813218567415,706,0.0011357146878795434
2,StellarWind,3.0811133889262425,0.11021319976535435,548,0.0008815462449829884
2,StellarWind,3.0811133889262425,0.12490826734503455,440,0.000707810853635976
2,StellarWind,3.0811133889262425,0.13960333492471474,299,0.00048098964826626556
2,StellarWind,3.0811133889262425,0.15429840250439494,240,0.0003860786474378051
2,StellarWind,3.0811133889262425,0.16899347008407514,199,0.0003201235451671801
2,StellarWind,3.0811133889262425,0.18368853766375534,135,0.0002171692391837654
2,StellarWind,3.0811133889262425,0.19838360524343554,128,0.0002059086119668294
2,StellarWind,3.0811133889262425,0.21307867282311574,95,0.0001528227979441312
2,StellarWind,3.0811133889262425,0.22777374040279594,80,0.0001286928824792684
2,StellarWind,3.0811133889262425,0.24246880798247614,87,0.00013995350969620436
2,StellarWind,3.0811133889262425,0.2571638755621563,60,9.651966185945128e-05
2,StellarWind,3.0811133889262425,0.2718589431418365,51,8.20417125805336e-05
2,StellarWind,3.0811133889262425,0.2865540107215167,46,7.399840742557932e-05
2,StellarWind,3.0811133889262425,0.3012490783011969,44,7.07810853635976e-05
2,StellarWind,3.0811133889262425,0.3159441458808771,35,5.6303136084679915e-05
2,StellarWind,3.0811133889262425,0.3306392134605573,29,4.665116989873479e-05
2,StellarWind,3.0811133889262425,0.3453342810402375,19,3.056455958882624e-05
2,StellarWind,3.0811133889262425,0.3600293486199177,28,4.5042508867743936e-05
2,StellarWind,3.0811133889262425,0.3747244161995979,15,2.412991546486282e-05
2,StellarWind,3.0811133889262425,0.3894194837792781,12,1.9303932371890257e-05
2,StellarWind,3.0811133889262425,0.4041145513589583,7,1.1260627216935984e-05
2,StellarWind,3.0811133889262425,0.4188096189386385,11,1.76952713408994e-05
2,StellarWind,3.0811133889262425,0.4335046865183187,9,1.4477949278917693e-05
2,StellarWind,3.0811133889262425,0.4481997540979989,6,9.651966185945128e-06
2,StellarWind,3.0811133889262425,0.4628948216776791,11,1.76952713408994e-05
2,StellarWind,3.0811133889262425,0.4775898892573593,6,9.651966185945128e-06
2,StellarWind,3.0811133889262425,0.4922849568370395,8,1.2869288247926838e-05
2,StellarWind,3.0811133889262425,0.5069800244167197,2,3.2173220619817095e-06
2,StellarWind,3.0811133889262425,0.5216750919963999,1,1.6086610309908547e-06
2,StellarWind,3.0811133889262425,0.5363701595760801,4,6.434644123963419e-06
2,StellarWind,3.0811133889262425,0.5510652271557603,9,1.4477949278917693e-05
2,StellarWind,3.0811133889262425,0.5657602947354405,7,1.1260627216935984e-05
2,StellarWind,4.867266078159267,0.007347726707592954,25784,0.0414777160230682
2,StellarWind,4.867266078159267,0.022042794287273154,1366,0.0021974309683335078
2,StellarWind,4.867266078159267,0.03673786186695335,450,0.0007238974639458847
2,StellarWind,4.867266078159267,0.05143292944663355,155,0.00024934245980358247
2,StellarWind,4.867266078159267,0.06612799702631375,86,0.0001383448486652135
2,StellarWind,4.867266078159267,0.08082306460599395,48,7.721572948756103e-05
2,StellarWind,4.867266078159267,0.09551813218567415,26,4.1825186805762225e-05
2,StellarWind,4.867266078159267,0.11021319976535435,19,3.056455958882624e-05
2,StellarWind,4.867266078159267,0.12490826734503455,8,1.2869288247926838e-05
2,StellarWind,4.867266078159267,0.13960333492471474,8,1.2869288247926838e-05
2,StellarWind,4.867266078159267,0.15429840250439494,4,6.434644123963419e-06
2,StellarWind,4.867266078159267,0.16899347008407514,6,9.651966185945128e-06
2,StellarWind,4.867266078159267,0.18368853766375534,2,3.2173220619817095e-06
2,StellarWind,4.867266078159267,0.19838360524343554,10,1.608661030990855e-05
2,StellarWind,4.867266078159267,0.21307867282311574,4,6.434644123963419e-06
2,StellarWind,4.867266078159267,0.22777374040279594,5,8.043305154954275e-06
2,StellarWind,4.867266078159267,0.24246880798247614,5,8.043305154954275e-06
2,StellarWind,4.867266078159267,0.2571638755621563,3,4.825983092972564e-06
2,StellarWind,4.867266078159267,0.2718589431418365,6,9.651966185945128e-06
2,StellarWind,4.867266078159267,0.2865540107215167,7,1.1260627216935984e-05
2,StellarWind,4.867266078159267,0.3012490783011969,6,9.651966185945128e-06
2,StellarWind,4.867266078159267,0.3159441458808771,9,1.4477949278917693e-05
2,StellarWind,4.867266078159267,0.3306392134605573,6,9.651966185945128e-06
2,StellarWind,4.867266078159267,0.3453342810402375,6,9.651966185945128e-06
2,StellarWind,4.867266078159267,0.3600293486199177,6,9.651966185945128e-06
2,StellarWind,4.867266078159267,0.3747244161995979,3,4.825983092972564e-06
2,StellarWind,4.867266078159267,0.3894194837792781,3,4.825983092972564e-06
2,StellarWind,4.867266078159267,0.4041145513589583,7,1.1260627216935984e-05
2,StellarWind,4.867266078159267,0.4188096189386385,1,1.6086610309908547e-06
2,StellarWind,4.867266078159267,0.4335046865183187,3,4.825983092972564e-06
2,StellarWind,4.867266078159267,0.4481997540979989,4,6.434644123963419e-06
2,StellarWind,4.867266078159267,0.4628948216776791,1,1.6086610309908547e-06
2,StellarWind,4.867266078159267,0.4775898892573593,2,3.2173220619817095e-06
2,StellarWind,4.867266078159267,0.4922849568370395,2,3.2173220619817095e-06
2,StellarWind,4.867266078159267,0.5069800244167197,6,9.651966185945128e-06
2,StellarWind,4.867266078159267,0.5216750919963999,7,1.1260627216935984e-05
2,StellarWind,4.867266078159267,0.5363701595760801,4,6.434644123963419e-06
2,StellarWind,4.867266078159267,0.5510652271557603,8,1.2869288247926838e-05
2,StellarWind,4.867266078159267,0.5657602947354405,7,1.1260627216935984e-05
2,StellarWind,6.653418767392292,0.007347726707592954,1985,0.003193192146516847
2,StellarWind,6.653418767392292,0.022042794287273154,45,7.238974639458847e-05
2,StellarWind,6.653418767392292,0.03673786186695335,7,1.1260627216935984e-05
2,StellarWind,6.653418767392292,0.05143292944663355,5,8.043305154954275e-06
2,StellarWind,6.653418767392292,0.06612799702631375,1,1.6086610309908547e-06
2,StellarWind,6.653418767392292,0.08082306460599395,1,1.6086610309908547e-06
2,StellarWind,6.653418767392292,0.19838360524343554,2,3.2173220619817095e-06
2,StellarWind,6.653418767392292,0.22777374040279594,4,6.434644123963419e-06
2,StellarWind,6.653418767392292,0.24246880798247614,1,1.6086610309908547e-06
2,StellarWind,6.653418767392292,0.2571638755621563,6,9.651966185945128e-06
2,StellarWind,6.653418767392292,0.2718589431418365,5,8.043305154954275e-06
2,StellarWind,6.653418767392292,0.2865540107215167,7,1.1260627216935984e-05
2,StellarWind,6.653418767392292,0.3012490783011969,7,1.1260627216935984e-05
2,StellarWind,6.653418767392292,0.3159441458808771,10,1.608661030990855e-05
2,StellarWind,6.653418767392292,0.3306392134605573,3,4.825983092972564e-06
2,StellarWind,6.653418767392292,0.3453342810402375,4,6.434644123963419e-06
2,StellarWind,6.653418767392292,0.3600293486199177,5,8.043305154954275e-06
2,StellarWind,6.653418767392292,0.3747244161995979,8,1.2869288247926838e-05
2,StellarWind,6.653418767392292,0.3894194837792781,5,8.043305154954275e-06
2,StellarWind,6.653418767392292,0.4041145513589583,9,1.4477949278917693e-05
2,StellarWind,6.653418767392292,0.4188096189386385,8,1.2869288247926838e-05
2,StellarWind,6.653418767392292,0.4335046865183187,5,8.043305154954275e-06
2,StellarWind,6.653418767392292,0.4481997540979989,8,1.2869288247926838e-05
2,StellarWind,6.653418767392292,0.4628948216776791,5,8.043305154954275e-06
2,StellarWind,6.653418767392292,0.4775898892573593,5,8.043305154954275e-06
2,StellarWind,6.653418767392292,0.4922849568370395,3,4.825983092972564e-06
2,StellarWind,6.653418767392292,0.5069800244167197,3,4.825983092972564e-06
2,StellarWind,6.653418767392292,0.5216750919963999,3,4.825983092972564e-06
2,StellarWind,6.653418767392292,0.5363701595760801,3,4.825983092972564e-06
2,StellarWind,6.653418767392292,0.5510652271557603,8,1.2869288247926838e-05
2,StellarWind,6.653418767392292,0.5657602947354405,10,1.608661030990855e-05
2,StellarWind,8.439571456625316,0.007347726707592954,36,5.7911797115670774e-05
2,StellarWind,8.439571456625316,0.2865540107215167,6,9.651966185945128e-06
2,StellarWind,8.439571456625316,0.3012490783011969,6,9.651966185945128e-06
2,StellarWind,8.439571456625316,0.3159441458808771,7,1.1260627216935984e-05
2,StellarWind,8.439571456625316,0.3306392134605573,8,1.2869288247926838e-05
2,StellarWind,8.439571456625316,0.3453342810402375,8,1.2869288247926838e-05
2,StellarWind,8.439571456625316,0.3600293486199177,10,1.608661030990855e-05
2,StellarWind,8.439571456625316,0.3747244161995979,7,1.1260627216935984e-05
2,StellarWind,8.439571456625316,0.3894194837792781,9,1.4477949278917693e-05
2,StellarWind,8.439571456625316,0.4041145513589583,5,8.043305154954275e-06
2,StellarWind,8.439571456625316,0.4188096189386385,10,1.608661030990855e-05
2,StellarWind,8.439571456625316,0.4335046865183187,5,8.043305154954275e-06
2,StellarWind,8.439571456625316,0.4481997540979989,3,4.825983092972564e-06
2,StellarWind,8.439571456625316,0.4628948216776791,6,9.651966185945128e-06
2,StellarWind,8.439571456625316,0.4775898892573593,5,8.043305154954275e-06
2,StellarWind,8.439571456625316,0.4922849568370395,6,9.651966185945128e-06
2,StellarWind,8.439571456625316,0.5069800244167197,8,1.2869288247926838e-05
2,StellarWind,8.439571456625316,0.5216750919963999,4,6.434644123963419e-06
2,StellarWind,8.439571456625316,0.5363701595760801,9,1.4477949278917693e-05
2,StellarWind,8.439571456625316,0.5510652271557603,11,1.76952713408994e-05
2,StellarWind,8.439571456625316,0.5657602947354405,9,1.4477949278917693e-05
2,StellarWind,10.22572414585834,0.007347726707592954,10,1.608661030990855e-05
2,StellarWind,10.22572414585834,0.2865540107215167,2,3.2173220619817095e-06
2,StellarWind,10.22572414585834,0.3012490783011969,1,1.6086610309908547e-06
2,StellarWind,10.22572414585834,0.3159441458808771,10,1.608661030990855e-05
2,StellarWind,10.22572414585834,0.3306392134605573,8,1.2869288247926838e-05
2,StellarWind,10.22572414585834,0.3453342810402375,4,6.434644123963419e-06
2,StellarWind,10.22572414585834,0.3600293486199177,3,4.825983092972564e-06
2,StellarWind,10.22572414585834,0.3747244161995979,5,8.043305154954275e-06
2,StellarWind,10.22572414585834,0.3894194837792781,10,1.608661030990855e-05
2,StellarWind,10.22572414585834,0.4041145513589583,5,8.043305154954275e-06
2,StellarWind,10.22572414585834,0.4188096189386385,8,1.2869288247926838e-05
2,StellarWind,10.22572414585834,0.4335046865183187,5,8.043305154954275e-06
2,StellarWind,10.22572414585834,0.4481997540979989,5,8.043305154954275e-06
2,StellarWind,10.22572414585834,0.4628948216776791,6,9.651966185945128e-06
2,StellarWind,10.22572414585834,0.4775898892573593,7,1.1260627216935984e-05
2,StellarWind,10.22572414585834,0.4922849568370395,6,9.651966185945128e-06
2,StellarWind,10.22572414585834,0.5069800244167197,7,1.1260627216935984e-05
2,StellarWind,10.22572414585834,0.5216750919963999,4,6.434644123963419e-06
2,StellarWind,10.22572414585834,0.5363701595760801,10,1.608661030990855e-05
2,StellarWind,10.22572414585834,0.5510652271557603,12,1.9303932371890257e-05
2,StellarWind,10.22572414585834,0.5657602947354405,11,1.76952713408994e-05
2,StellarWind,12.011876835091366,0.007347726707592954,9,1.4477949278917693e-05
2,StellarWind,12.011876835091366,0.3159441458808771,1,1.6086610309908547e-06
2,StellarWind,12.011876835091366,0.3453342810402375,4,6.434644123963419e-06
2,StellarWind,12.011876835091366,0.3600293486199177,3,4.825983092972564e-06
2,StellarWind,12.011876835091366,0.3747244161995979,5,8.043305154954275e-06
2,StellarWind,12.011876835091366,0.3894194837792781,6,9.651966185945128e-06
2,StellarWind,12.011876835091366,0.4041145513589583,8,1.2869288247926838e-05
2,StellarWind,12.011876835091366,0.4188096189386385,9,1.4477949278917693e-05
2,StellarWind,12.011876835091366,0.4335046865183187,7,1.1260627216935984e-05
2,StellarWind,12.011876835091366,0.4481997540979989,4,6.434644123963419e-06
2,StellarWind,12.011876835091366,0.4628948216776791,10,1.608661030990855e-05
2,StellarWind,12.011876835091366,0.4775898892573593,6,9.651966185945128e-06
2,StellarWind,12.011876835091366,0.4922849568370395,12,1.9303932371890257e-05
2,StellarWind,12.011876835091366,0.5069800244167197,11,1.76952713408994e-05
2,StellarWind,12.011876835091366,0.5216750919963999,8,1.2869288247926838e-05
2,StellarWind,12.011876835091366,0.5363701595760801,10,1.608661030990855e-05
2,StellarWind,12.011876835091366,0.5510652271557603,23,3.699920371278966e-05
2,StellarWind,12.011876835091366,0.5657602947354405,16,2.5738576495853676e-05
2,StellarWind,13.79802952432439,0.3453342810402375,1,1.6086610309908547e-06
2,StellarWind,13.79802952432439,0.3600293486199177,1,1.6086610309908547e-06
2,StellarWind,13.79802952432439,0.3894194837792781,3,4.825983092972564e-06
2,StellarWind,13.79802952432439,0.4041145513589583,1,1.6086610309908547e-06
2,StellarWind,13.79802952432439,0.4188096189386385,2,3.2173220619817095e-06
2,StellarWind,13.79802952432439,0.4335046865183187,5,8.043305154954275e-06
2,StellarWind,13.79802952432439,0.4481997540979989,4,6.434644123963419e-06
2,StellarWind,13.79802952432439,0.4628948216776791,5,8.043305154954275e-06
2,StellarWind,13.79802952432439,0.4775898892573593,6,9.651966185945128e-06
2,StellarWind,13.79802952432439,0.4922849568370395,6,9.651966185945128e-06
2,StellarWind,13.79802952432439,0.5069800244167197,7,1.1260627216935984e-05
2,StellarWind,13.79802952432439,0.5216750919963999,5,8.043305154954275e-06
2,StellarWind,13.79802952432439,0.5363701595760801,9,1.4477949278917693e-05
2,StellarWind,13.79802952432439,0.5510652271557603,17,2.734723752684453e-05
2,StellarWind,13.79802952432439,0.5657602947354405,14,2.2521254433871968e-05
2,StellarWind,15.584182213557414,0.007347726707592954,1,1.6086610309908547e-06
2,StellarWind,15.584182213557414,0.4188096189386385,2,3.2173220619817095e-06
2,StellarWind,15.584182213557414,0.4335046865183187,1,1.6086610309908547e-06
2,StellarWind,15.584182213557414,0.4481997540979989,2,3.2173220619817095e-06
2,StellarWind,15.584182213557414,0.4628948216776791,6,9.651966185945128e-06
2,StellarWind,15.584182213557414,0.4775898892573593,4,6.434644123963419e-06
2,StellarWind,15.584182213557414,0.4922849568370395,2,3.2173220619817095e-06
2,StellarWind,15.584182213557414,0.5069800244167197,5,8.043305154954275e-06
2,StellarWind,15.584182213557414,0.5216750919963999,9,1.4477949278917693e-05
2,StellarWind,15.584182213557414,0.5363701595760801,4,6.434644123963419e-06
2,StellarWind,15.584182213557414,0.5510652271557603,16,2.5738576495853676e-05
2,StellarWind,15.584182213557414,0.5657602947354405,15,2.412991546486282e-05
2,StellarWind,17.37033490279044,0.4041145513589583,1,1.6086610309908547e-06
2,StellarWind,17.37033490279044,0.4335046865183187,1,1.6086610309908547e-06
2,StellarWind,17.37033490279044,0.4481997540979989,1,1.6086610309908547e-06
2,StellarWind,17.37033490279044,0.4628948216776791,1,1.6086610309908547e-06
2,StellarWind,17.37033490279044,0.4922849568370395,3,4.825983092972564e-06
2,StellarWind,17.37033490279044,0.5069800244167197,4,6.434644123963419e-06
2,StellarWind,17.37033490279044,0.5216750919963999,5,8.043305154954275e-06
2,StellarWind,17.37033490279044,0.5363701595760801,11,1.76952713408994e-05
2,StellarWind,17.37033490279044,0.5510652271557603,14,2.2521254433871968e-05
2,StellarWind,17.37033490279044,0.5657602947354405,12,1.9303932371890257e-05
2,StellarWind,19.156487592023463,0.4628948216776791,1,1.6086610309908547e-06
2,StellarWind,19.156487592023463,0.4775898892573593,1,1.6086610309908547e-06
2,StellarWind,19.156487592023463,0.4922849568370395,1,1.6086610309908547e-06
2,StellarWind,19.156487592023463,0.5069800244167197,9,1.4477949278917693e-05
2,StellarWind,19.156487592023463,0.5216750919963999,6,9.651966185945128e-06
2,StellarWind,19.156487592023463,0.5363701595760801,4,6.434644123963419e-06
2,StellarWind,19.156487592023463,0.5510652271557603,16,2.5738576495853676e-05
2,StellarWind,19.156487592023463,0.5657602947354405,28,4.5042508867743936e-05
2,StellarWind,20.942640281256487,0.4922849568370395,4,6.434644123963419e-06
2,StellarWind,20.942640281256487,0.5069800244167197,1,1.6086610309908547e-06
2,StellarWind,20.942640281256487,0.5216750919963999,1,1.6086610309908547e-06
2,StellarWind,20.942640281256487,0.5363701595760801,3,4.825983092972564e-06
2,StellarWind,20.942640281256487,0.5510652271557603,24,3.8607864743780514e-05
2,StellarWind,20.942640281256487,0.5657602947354405,27,4.343384783675308e-05
2,StellarWind,22.728792970489515,0.007347726707592954,1,1.6086610309908547e-06
2,StellarWind,22.728792970489515,0.4481997540979989,1,1.6086610309908547e-06
2,StellarWind,22.728792970489515,0.4628948216776791,1,1.6086610309908547e-06
2,StellarWind,22.728792970489515,0.5069800244167197,1,1.6086610309908547e-06
2,StellarWind,22.728792970489515,0.5216750919963999,2,3.2173220619817095e-06
2,StellarWind,22.728792970489515,0.5510652271557603,19,3.056455958882624e-05
2,StellarWind,22.728792970489515,0.5657602947354405,31,4.98684919607165e-05
2,StellarWind,24.514945659722535,0.5216750919963999,1,1.6086610309908547e-06
2,StellarWind,24.514945659722535,0.5363701595760801,1,1.6086610309908547e-06
2,StellarWind,24.514945659722535,0.5510652271557603,21,3.378188165080795e-05
2,StellarWind,24.514945659722535,0.5657602947354405,44,7.07810853635976e-05
2,StellarWind,26.301098348955563,0.5510652271557603,16,2.5738576495853676e-05
2,StellarWind,26.301098348955563,0.5657602947354405,30,4.825983092972564e-05
2,StellarWind,28.087251038188583,0.5510652271557603,2,3.2173220619817095e-06
2,StellarWind,28.087251038188583,0.5657602947354405,23,3.699920371278966e-05
2,StellarWind,29.87340372742161,0.5510652271557603,1,1.6086610309908547e-06
2,StellarWind,29.87340372742161,0.5657602947354405,10,1.608661030990855e-05
2,StellarWind,31.659556416654635,0.5510652271557603,2,3.2173220619817095e-06
2,StellarWind,31.659556416654635,0.5657602947354405,3,4.825983092972564e-06
2,StellarWind,33.44570910588766,0.5657602947354405,1,1.6086610309908547e-06
3,WindAGN,2.1880370443097306,0.007347726707592954,349970,0.5713609351531379
3,WindAGN,2.1880370443097306,0.022042794287273154,31086,0.050750995885848624
3,WindAGN,2.1880370443097306,0.03673786186695335,14729,0.024046561744922614
3,WindAGN,2.1880370443097306,0.05143292944663355,8792,0.014353817018219812
3,WindAGN,2.1880370443097306,0.06612799702631375,6015,0.0098200875073467
3,WindAGN,2.1880370443097306,0.08082306460599395,4425,0.007224253901913407
3,WindAGN,2.1880370443097306,0.09551813218567415,3429,0.005598184549075949
3,WindAGN,2.1880370443097306,0.11021319976535435,2664,0.004349245738914648
3,WindAGN,2.1880370443097306,0.12490826734503455,2154,0.0035166198654737807
3,WindAGN,2.1880370443097306,0.13960333492471474,1815,0.0029631685495983807
3,WindAGN,2.1880370443097306,0.15429840250439494,1499,0.0024472670280154115
3,WindAGN,2.1880370443097306,0.16899347008407514,1287,0.002101155880624306
3,WindAGN,2.1880370443097306,0.18368853766375534,1047,0.0017093319401815452
3,WindAGN,2.1880370443097306,0.19838360524343554,908,0.0014824005746751127
3,WindAGN,2.1880370443097306,0.21307867282311574,779,0.0012717952066871286
3,WindAGN,2.1880370443097306,0.22777374040279594,675,0.0011020048324952654
3,WindAGN,2.1880370443097306,0.24246880798247614,627,0.0010236400444067133
3,WindAGN,2.1880370443097306,0.2571638755621563,562,0.0009175210605367988
3,WindAGN,2.1880370443097306,0.2718589431418365,531,0.0008669104682296089
3,WindAGN,2.1880370443097306,0.2865540107215167,399,0.0006514073009860902
3,WindAGN,2.1880370443097306,0.3012490783011969,429,0.0007003852935414354
3,WindAGN,2.1880370443097306,0.3159441458808771,343,0.0005599817148827794
3,WindAGN,2.1880370443097306,0.3306392134605573,316,0.0005159015215829687
3,WindAGN,2.1880370443097306,0.3453342810402375,277,0.00045223013126102004
3,WindAGN,2.1880370443097306,0.3600293486199177,238,0.0003885587409390714
3,WindAGN,2.1880370443097306,0.3747244161995979,226,0.00036896754391693335
3,WindAGN,2.1880370443097306,0.3894194837792781,182,0.00029713315483576047
3,WindAGN,2.1880370443097306,0.4041145513589583,184,0.00030039835433945015
3,WindAGN,2.1880370443097306,0.4188096189386385,145,0.00023672696401750147
3,WindAGN,2.1880370443097306,0.4335046865183187,146,0.0002383595637693463
3,WindAGN,2.1880370443097306,0.4481997540979989,105,0.00017142297394370795
3,WindAGN,2.1880370443097306,0.4628948216776791,99,0.00016162737543263893
3,WindAGN,2.1880370443097306,0.4775898892573593,83,0.00013550577940312154
3,WindAGN,2.1880370443097306,0.4922849568370395,77,0.00012571018089205252
3,WindAGN,2.1880370443097306,0.5069800244167197,45,7.34669888330177e-05
3,WindAGN,2.1880370443097306,0.5216750919963999,37,6.0406190818259e-05
3,WindAGN,2.1880370443097306,0.5363701595760801,28,4.571279305165546e-05
3,WindAGN,2.1880370443097306,0.5510652271557603,21,3.4284594788741594e-05
3,WindAGN,2.1880370443097306,0.5657602947354405,5,8.162998759224188e-06
3,WindAGN,3.0811133889262425,0.007347726707592954,122390,0.1998138836282897
3,WindAGN,3.0811133889262425,0.022042794287273154,11988,0.019571605825115915
3,WindAGN,3.0811133889262425,0.03673786186695335,4765,0.007779337817540651
3,WindAGN,3.0811133889262425,0.05143292944663355,2588,0.00422516815777444
3,WindAGN,3.0811133889262425,0.06612799702631375,1543,0.0025191014170965844
3,WindAGN,3.0811133889262425,0.08082306460599395,990,0.0016162737543263894
3,WindAGN,3.0811133889262425,0.09551813218567415,689,0.0011248612290210931
3,WindAGN,3.0811133889262425,0.11021319976535435,503,0.0008211976751779533
3,WindAGN,3.0811133889262425,0.12490826734503455,389,0.0006350813034676419
3,WindAGN,3.0811133889262425,0.13960333492471474,284,0.0004636583295239339
3,WindAGN,3.0811133889262425,0.15429840250439494,227,0.00037060014366877816
3,WindAGN,3.0811133889262425,0.16899347008407514,206,0.0003363155488800366
3,WindAGN,3.0811133889262425,0.18368853766375534,149,0.00024325736302488083
3,WindAGN,3.0811133889262425,0.19838360524343554,118,0.00019264677071769085
3,WindAGN,3.0811133889262425,0.21307867282311574,96,0.0001567295761771044
3,WindAGN,3.0811133889262425,0.22777374040279594,76,0.00012407758114020768
3,WindAGN,3.0811133889262425,0.24246880798247614,74,0.000120812381636518
3,WindAGN,3.0811133889262425,0.2571638755621563,58,9.469078560700059e-05
3,WindAGN,3.0811133889262425,0.2718589431418365,52,8.489518709593157e-05
3,WindAGN,3.0811133889262425,0.2865540107215167,39,6.367139032194867e-05
3,WindAGN,3.0811133889262425,0.3012490783011969,35,5.714099131456932e-05
3,WindAGN,3.0811133889262425,0.3159441458808771,38,6.203879057010384e-05
3,WindAGN,3.0811133889262425,0.3306392134605573,22,3.591719454058643e-05
3,WindAGN,3.0811133889262425,0.3453342810402375,24,3.91823940442761e-05
3,WindAGN,3.0811133889262425,0.3600293486199177,21,3.4284594788741594e-05
3,WindAGN,3.0811133889262425,0.3747244161995979,15,2.4488996277672567e-05
3,WindAGN,3.0811133889262425,0.3894194837792781,13,2.1223796773982892e-05
3,WindAGN,3.0811133889262425,0.4041145513589583,8,1.3060798014758702e-05
3,WindAGN,3.0811133889262425,0.4188096189386385,8,1.3060798014758702e-05
3,WindAGN,3.0811133889262425,0.4335046865183187,8,1.3060798014758702e-05
3,WindAGN,3.0811133889262425,0.4481997540979989,6,9.795598511069026e-06
3,WindAGN,3.0811133889262425,0.4628948216776791,5,8.162998759224188e-06
3,WindAGN,3.0811133889262425,0.4775898892573593,4,6.530399007379351e-06
3,WindAGN,3.0811133889262425,0.4922849568370395,6,9.795598511069026e-06
3,WindAGN,3.0811133889262425,0.5069800244167197,7,1.1428198262913865e-05
3,WindAGN,3.0811133889262425,0.5216750919963999,7,1.1428198262913865e-05
3,WindAGN,3.0811133889262425,0.5363701595760801,5,8.162998759224188e-06
3,WindAGN,3.0811133889262425,0.5510652271557603,5,8.162998759224188e-06
3,WindAGN,3.0811133889262425,0.5657602947354405,2,3.2651995036896755e-06
3,WindAGN,4.867266078159267,0.007347726707592954,23913,0.039040357865865606
3,WindAGN,4.867266078159267,0.022042794287273154,1271,0.0020750342845947886
3,WindAGN,4.867266078159267,0.03673786186695335,405,0.0006612028994971593
3,WindAGN,4.867266078159267,0.05143292944663355,143,0.0002334617645138118
3,WindAGN,4.867266078159267,0.06612799702631375,79,0.00012897538039574217
3,WindAGN,4.867266078159267,0.08082306460599395,40,6.53039900737935e-05
3,WindAGN,4.867266078159267,0.09551813218567415,21,3.4284594788741594e-05
3,WindAGN,4.867266078159267,0.11021319976535435,18,2.938679553320708e-05
3,WindAGN,4.867266078159267,0.12490826734503455,10,1.6325997518448377e-05
3,WindAGN,4.867266078159267,0.13960333492471474,10,1.6325997518448377e-05
3,WindAGN,4.867266078159267,0.15429840250439494,8,1.3060798014758702e-05
3,WindAGN,4.867266078159267,0.16899347008407514,3,4.897799255534513e-06
3,WindAGN,4.867266078159267,0.18368853766375534,1,1.6325997518448377e-06
3,WindAGN,4.867266078159267,0.19838360524343554,10,1.6325997518448377e-05
3,WindAGN,4.867266078159267,0.21307867282311574,4,6.530399007379351e-06
3,WindAGN,4.867266078159267,0.22777374040279594,1,1.6325997518448377e-06
3,WindAGN,4.867266078159267,0.24246880798247614,3,4.897799255534513e-06
3,WindAGN,4.867266078159267,0.2571638755621563,4,6.530399007379351e-06
3,WindAGN,4.867266078159267,0.2718589431418365,5,8.162998759224188e-06
3,WindAGN,4.867266078159267,0.2865540107215167,5,8.162998759224188e-06
3,WindAGN,4.867266078159267,0.3012490783011969,6,9.795598511069026e-06
3,WindAGN,4.867266078159267,0.3159441458808771,10,1.6325997518448377e-05
3,WindAGN,4.867266078159267,0.3306392134605573,6,9.795598511069026e-06
3,WindAGN,4.867266078159267,0.3453342810402375,4,6.530399007379351e-06
3,WindAGN,4.867266078159267,0.3600293486199177,4,6.530399007379351e-06
3,WindAGN,4.867266078159267,0.3747244161995979,5,8.162998759224188e-06
3,WindAGN,4.867266078159267,0.3894194837792781,3,4.897799255534513e-06
3,WindAGN,4.867266078159267,0.4041145513589583,2,3.2651995036896755e-06
3,WindAGN,4.867266078159267,0.4188096189386385,5,8.162998759224188e-06
3,WindAGN,4.867266078159267,0.4481997540979989,6,9.795598511069026e-06
3,WindAGN,4.867266078159267,0.4628948216776791,3,4.897799255534513e-06
3,WindAGN,4.867266078159267,0.4775898892573593,6,9.795598511069026e-06
3,WindAGN,4.867266078159267,0.4922849568370395,4,6.530399007379351e-06
3,WindAGN,4.867266078159267,0.5069800244167197,3,4.897799255534513e-06
3,WindAGN,4.867266078159267,0.5363701595760801,5,8.162998759224188e-06
3,WindAGN,4.867266078159267,0.5510652271557603,6,9.795598511069026e-06
3,WindAGN,4.867266078159267,0.5657602947354405,8,1.3060798014758702e-05
3,WindAGN,6.653418767392292,0.007347726707592954,1836,0.0029974531443871222
3,WindAGN,6.653418767392292,0.022042794287273154,37,6.0406190818259e-05
3,WindAGN,6.653418767392292,0.03673786186695335,7,1.1428198262913865e-05
3,WindAGN,6.653418767392292,0.06612799702631375,1,1.6325997518448377e-06
3,WindAGN,6.653418767392292,0.21307867282311574,1,1.6325997518448377e-06
3,WindAGN,6.653418767392292,0.22777374040279594,2,3.2651995036896755e-06
3,WindAGN,6.653418767392292,0.2571638755621563,4,6.530399007379351e-06
3,WindAGN,6.653418767392292,0.2718589431418365,1,1.6325997518448377e-06
3,WindAGN,6.653418767392292,0.2865540107215167,4,6.530399007379351e-06
3,WindAGN,6.653418767392292,0.3012490783011969,4,6.530399007379351e-06
3,WindAGN,6.653418767392292,0.3159441458808771,3,4.897799255534513e-06
3,WindAGN,6.653418767392292,0.3306392134605573,4,6.530399007379351e-06
3,WindAGN,6.653418767392292,0.3453342810402375,5,8.162998759224188e-06
3,WindAGN,6.653418767392292,0.3600293486199177,3,4.897799255534513e-06
3,WindAGN,6.653418767392292,0.3747244161995979,6,9.795598511069026e-06
3,WindAGN,6.653418767392292,0.3894194837792781,3,4.897799255534513e-06
3,WindAGN,6.653418767392292,0.4041145513589583,1,1.6325997518448377e-06
3,WindAGN,6.653418767392292,0.4188096189386385,2,3.2651995036896755e-06
3,WindAGN,6.653418767392292,0.4335046865183187,6,9.795598511069026e-06
3,WindAGN,6.653418767392292,0.4481997540979989,5,8.162998759224188e-06
3,WindAGN,6.653418767392292,0.4628948216776791,3,4.897799255534513e-06
3,WindAGN,6.653418767392292,0.4922849568370395,2,3.2651995036896755e-06
3,WindAGN,6.653418767392292,0.5069800244167197,1,1.6325997518448377e-06
3,WindAGN,6.653418767392292,0.5216750919963999,5,8.162998759224188e-06
3,WindAGN,6.653418767392292,0.5363701595760801,6,9.795598511069026e-06
3,WindAGN,6.653418767392292,0.5510652271557603,3,4.897799255534513e-06
3,WindAGN,6.653418767392292,0.5657602947354405,6,9.795598511069026e-06
3,WindAGN,8.439571456625316,0.007347726707592954,35,5.714099131456932e-05
3,WindAGN,8.439571456625316,0.2571638755621563,2,3.2651995036896755e-06
3,WindAGN,8.439571456625316,0.2865540107215167,2,3.2651995036896755e-06
3,WindAGN,8.439571456625316,0.3012490783011969,5,8.162998759224188e-06
3,WindAGN,8.439571456625316,0.3159441458808771,7,1.1428198262913865e-05
3,WindAGN,8.439571456625316,0.3306392134605573,5,8.162998759224188e-06
3,WindAGN,8.439571456625316,0.3453342810402375,6,9.795598511069026e-06
3,WindAGN,8.439571456625316,0.3600293486199177,6,9.795598511069026e-06
3,WindAGN,8.439571456625316,0.3747244161995979,3,4.897799255534513e-06
3,WindAGN,8.439571456625316,0.3894194837792781,6,9.795598511069026e-06
3,WindAGN,8.439571456625316,0.4041145513589583,7,1.1428198262913865e-05
3,WindAGN,8.439571456625316,0.4188096189386385,5,8.162998759224188e-06
3,WindAGN,8.439571456625316,0.4481997540979989,8,1.3060798014758702e-05
3,WindAGN,8.439571456625316,0.4628948216776791,10,1.6325997518448377e-05
3,WindAGN,8.439571456625316,0.4775898892573593,7,1.1428198262913865e-05
3,WindAGN,8.439571456625316,0.4922849568370395,2,3.2651995036896755e-06
3,WindAGN,8.439571456625316,0.5069800244167197,4,6.530399007379351e-06
3,WindAGN,8.439571456625316,0.5216750919963999,2,3.2651995036896755e-06
3,WindAGN,8.439571456625316,0.5363701595760801,4,6.530399007379351e-06
3,WindAGN,8.439571456625316,0.5510652271557603,5,8.162998759224188e-06
3,WindAGN,8.439571456625316,0.5657602947354405,10,1.6325997518448377e-05
3,WindAGN,10.22572414585834,0.007347726707592954,12,1.959119702213805e-05
3,WindAGN,10.22572414585834,0.3012490783011969,2,3.2651995036896755e-06
3,WindAGN,10.22572414585834,0.3159441458808771,1,1.6325997518448377e-06
3,WindAGN,10.22572414585834,0.3306392134605573,3,4.897799255534513e-06
3,WindAGN,10.22572414585834,0.3453342810402375,3,4.897799255534513e-06
3,WindAGN,10.22572414585834,0.3600293486199177,2,3.2651995036896755e-06
3,WindAGN,10.22572414585834,0.3747244161995979,5,8.162998759224188e-06
3,WindAGN,10.22572414585834,0.3894194837792781,2,3.2651995036896755e-06
3,WindAGN,10.22572414585834,0.4041145513589583,4,6.530399007379351e-06
3,WindAGN,10.22572414585834,0.4188096189386385,8,1.3060798014758702e-05
3,WindAGN,10.22572414585834,0.4335046865183187,7,1.1428198262913865e-05
3,WindAGN,10.22572414585834,0.4481997540979989,3,4.897799255534513e-06
3,WindAGN,10.22572414585834,0.4628948216776791,2,3.2651995036896755e-06
3,WindAGN,10.22572414585834,0.4775898892573593,5,8.162998759224188e-06
3,WindAGN,10.22572414585834,0.4922849568370395,4,6.530399007379351e-06
3,WindAGN,10.22572414585834,0.5069800244167197,5,8.162998759224188e-06
3,WindAGN,10.22572414585834,0.5216750919963999,4,6.530399007379351e-06
3,WindAGN,10.22572414585834,0.5363701595760801,6,9.795598511069026e-06
3,WindAGN,10.22572414585834,0.5510652271557603,10,1.6325997518448377e-05
3,WindAGN,10.22572414585834,0.5657602947354405,4,6.530399007379351e-06
3,WindAGN,12.011876835091366,0.007347726707592954,6,9.795598511069026e-06
3,WindAGN,12.011876835091366,0.3159441458808771,1,1.6325997518448377e-06
3,WindAGN,12.011876835091366,0.3306392134605573,2,3.2651995036896755e-06
3,WindAGN,12.011876835091366,0.3453342810402375,1,1.6325997518448377e-06
3,WindAGN,12.011876835091366,0.3600293486199177,1,1.6325997518448377e-06
3,WindAGN,12.011876835091366,0.3747244161995979,3,4.897799255534513e-06
3,WindAGN,12.011876835091366,0.3894194837792781,2,3.2651995036896755e-06
3,WindAGN,12.011876835091366,0.4041145513589583,6,9.795598511069026e-06
3,WindAGN,12.011876835091366,0.4188096189386385,8,1.3060798014758702e-05
3,WindAGN,12.011876835091366,0.4335046865183187,6,9.795598511069026e-06
3,WindAGN,12.011876835091366,0.4481997540979989,2,3.2651995036896755e-06
3,WindAGN,12.011876835091366,0.4628948216776791,6,9.795598511069026e-06
3,WindAGN,12.011876835091366,0.4775898892573593,6,9.795598511069026e-06
3,WindAGN,12.011876835091366,0.4922849568370395,4,6.530399007379351e-06
3,WindAGN,12.011876835091366,0.5069800244167197,3,4.897799255534513e-06
3,WindAGN,12.011876835091366,0.5216750919963999,7,1.1428198262913865e-05
3,WindAGN,12.011876835091366,0.5363701595760801,5,8.162998759224188e-06
3,WindAGN,12.011876835091366,0.5510652271557603,12,1.959119702213805e-05
3,WindAGN,12.011876835091366,0.5657602947354405,7,1.1428198262913865e-05
3,WindAGN,13.79802952432439,0.3012490783011969,1,1.6325997518448377e-06
3,WindAGN,13.79802952432439,0.3894194837792781,2,3.2651995036896755e-06
3,WindAGN,13.79802952432439,0.4041145513589583,2,3.2651995036896755e-06
3,WindAGN,13.79802952432439,0.4335046865183187,7,1.1428198262913865e-05
3,WindAGN,13.79802952432439,0.4481997540979989,1,1.6325997518448377e-06
3,WindAGN,13.79802952432439,0.4628948216776791,5,8.162998759224188e-06
3,WindAGN,13.79802952432439,0.4775898892573593,5,8.162998759224188e-06
3,WindAGN,13.79802952432439,0.4922849568370395,5,8.162998759224188e-06
3,WindAGN,13.79802952432439,0.5069800244167197,5,8.162998759224188e-06
3,WindAGN,13.79802952432439,0.5216750919963999,3,4.897799255534513e-06
3,WindAGN,13.79802952432439,0.5363701595760801,9,1.469339776660354e-05
3,WindAGN,13.79802952432439,0.5510652271557603,8,1.3060798014758702e-05
3,WindAGN,13.79802952432439,0.5657602947354405,7,1.1428198262913865e-05
3,WindAGN,15.584182213557414,0.007347726707592954,1,1.6325997518448377e-06
3,WindAGN,15.584182213557414,0.3894194837792781,1,1.6325997518448377e-06
3,WindAGN,15.584182213557414,0.4041145513589583,1,1.6325997518448377e-06
3,WindAGN,15.584182213557414,0.4188096189386385,1,1.6325997518448377e-06
3,WindAGN,15.584182213557414,0.4335046865183187,3,4.897799255534513e-06
3,WindAGN,15.584182213557414,0.4481997540979989,2,3.2651995036896755e-06
3,WindAGN,15.584182213557414,0.4628948216776791,6,9.795598511069026e-06
3,WindAGN,15.584182213557414,0.4775898892573593,2,3.2651995036896755e-06
3,WindAGN,15.584182213557414,0.4922849568370395,2,3.2651995036896755e-06
3,WindAGN,15.584182213557414,0.5069800244167197,7,1.1428198262913865e-05
3,WindAGN,15.584182213557414,0.5216750919963999,5,8.162998759224188e-06
3,WindAGN,15.584182213557414,0.5363701595760801,3,4.897799255534513e-06
3,WindAGN,15.584182213557414,0.5510652271557603,12,1.959119702213805e-05
3,WindAGN,15.584182213557414,0.5657602947354405,14,2.285639652582773e-05
3,WindAGN,17.37033490279044,0.4041145513589583,1,1.6325997518448377e-06
3,WindAGN,17.37033490279044,0.4335046865183187,2,3.2651995036896755e-06
3,WindAGN,17.37033490279044,0.4628948216776791,3,4.897799255534513e-06
3,WindAGN,17.37033490279044,0.4775898892573593,3,4.897799255534513e-06
3,WindAGN,17.37033490279044,0.4922849568370395,4,6.530399007379351e-06
3,WindAGN,17.37033490279044,0.5216750919963999,8,1.3060798014758702e-05
3,WindAGN,17.37033490279044,0.5363701595760801,5,8.162998759224188e-06
3,WindAGN,17.37033490279044,0.5510652271557603,12,1.959119702213805e-05
3,WindAGN,17.37033490279044,0.5657602947354405,6,9.795598511069026e-06
3,WindAGN,19.156487592023463,0.4481997540979989,1,1.6325997518448377e-06
3,WindAGN,19.156487592023463,0.4628948216776791,2,3.2651995036896755e-06
3,WindAGN,19.156487592023463,0.4922849568370395,4,6.530399007379351e-06
3,WindAGN,19.156487592023463,0.5069800244167197,2,3.2651995036896755e-06
3,WindAGN,19.156487592023463,0.5216750919963999,4,6.530399007379351e-06
3,WindAGN,19.156487592023463,0.5363701595760801,7,1.1428198262913865e-05
3,WindAGN,19.156487592023463,0.5510652271557603,12,1.959119702213805e-05
3,WindAGN,19.156487592023463,0.5657602947354405,11,1.7958597270293214e-05
3,WindAGN,20.942640281256487,0.4481997540979989,1,1.6325997518448377e-06
3,WindAGN,20.942640281256487,0.4922849568370395,1,1.6325997518448377e-06
3,WindAGN,20.942640281256487,0.5069800244167197,3,4.897799255534513e-06
3,WindAGN,20.942640281256487,0.5363701595760801,3,4.897799255534513e-06
3,WindAGN,20.942640281256487,0.5510652271557603,9,1.469339776660354e-05
3,WindAGN,20.942640281256487,0.5657602947354405,16,2.6121596029517404e-05
3,WindAGN,22.728792970489515,0.007347726707592954,1,1.6325997518448377e-06
3,WindAGN,22.728792970489515,0.4775898892573593,1,1.6325997518448377e-06
3,WindAGN,22.728792970489515,0.5363701595760801,2,3.2651995036896755e-06
3,WindAGN,22.728792970489515,0.5510652271557603,12,1.959119702213805e-05
3,WindAGN,22.728792970489515,0.5657602947354405,31,5.061059230718997e-05
3,WindAGN,24.514945659722535,0.5069800244167197,1,1.6325997518448377e-06
3,WindAGN,24.514945659722535,0.5510652271557603,12,1.959119702213805e-05
3,WindAGN,24.514945659722535,0.5657602947354405,22,3.591719454058643e-05
3,WindAGN,26.301098348955563,0.5363701595760801,1,1.6325997518448377e-06
3,WindAGN,26.301098348955563,0.5510652271557603,7,1.1428198262913865e-05
3,WindAGN,26.301098348955563,0.5657602947354405,12,1.959119702213805e-05
3,WindAGN,28.087251038188583,0.5510652271557603,4,6.530399007379351e-06
3,WindAGN,28.087251038188583,0.5657602947354405,6,9.795598511069026e-06
3,WindAGN,29.87340372742161,0.5510652271557603,1,1.6325997518448377e-06
3,WindAGN,29.87340372742161,0.5657602947354405,2,3.2651995036896755e-06
3,WindAGN,36.124938139737196,0.5657602947354405,1,1.6325997518448377e-06
4,WindStrongAGN,2.1880370443097306,0.007347726707592954,328167,0.6704441679588622
4,WindStrongAGN,2.1880370443097306,0.022042794287273154,23438,0.04788376164763615
4,WindStrongAGN,2.1880370443097306,0.03673786186695335,10107,0.02064856980001103
4,WindStrongAGN,2.1880370443097306,0.05143292944663355,5772,0.011792178182018767
4,WindStrongAGN,2.1880370443097306,0.06612799702631375,3832,0.007828764170737338
4,WindStrongAGN,2.1880370443097306,0.08082306460599395,2690,0.005495661696055178
4,WindStrongAGN,2.1880370443097306,0.09551813218567415,2070,0.004229003609975545
4,WindStrongAGN,2.1880370443097306,0.11021319976535435,1611,0.0032912680268940113
4,WindStrongAGN,2.1880370443097306,0.12490826734503455,1300,0.002655895986941164
4,WindStrongAGN,2.1880370443097306,0.13960333492471474,1013,0.002069555872901076
4,WindStrongAGN,2.1880370443097306,0.15429840250439494,841,0.0017181604038596298
4,WindStrongAGN,2.1880370443097306,0.16899347008407514,747,0.0015261186940346532
4,WindStrongAGN,2.1880370443097306,0.18368853766375534,673,0.0013749369224703102
4,WindStrongAGN,2.1880370443097306,0.19838360524343554,555,0.0011338632867325738
4,WindStrongAGN,2.1880370443097306,0.21307867282311574,478,0.0009765525244291356
4,WindStrongAGN,2.1880370443097306,0.22777374040279594,425,0.0008682736880384574
4,WindStrongAGN,2.1880370443097306,0.24246880798247614,383,0.0007824678176911275
4,WindStrongAGN,2.1880370443097306,0.2571638755621563,338,0.0006905329566047026
4,WindStrongAGN,2.1880370443097306,0.2718589431418365,343,0.0007007479411698608
4,WindStrongAGN,2.1880370443097306,0.2865540107215167,275,0.0005618241510837078
4,WindStrongAGN,2.1880370443097306,0.3012490783011969,255,0.0005209642128230744
4,WindStrongAGN,2.1880370443097306,0.3159441458808771,215,0.00043924433630180784
4,WindStrongAGN,2.1880370443097306,0.3306392134605573,210,0.0004290293517366495
4,WindStrongAGN,2.1880370443097306,0.3453342810402375,212,0.00043311534556271286
4,WindStrongAGN,2.1880370443097306,0.3600293486199177,189,0.00038612641656298456
4,WindStrongAGN,2.1880370443097306,0.3747244161995979,150,0.0003064495369547497
4,WindStrongAGN,2.1880370443097306,0.3894194837792781,117,0.00023903063882470474
4,WindStrongAGN,2.1880370443097306,0.4041145513589583,132,0.0002696755925201797
4,WindStrongAGN,2.1880370443097306,0.4188096189386385,110,0.00022472966043348308
4,WindStrongAGN,2.1880370443097306,0.4335046865183187,97,0.00019817070056407144
4,WindStrongAGN,2.1880370443097306,0.4481997540979989,88,0.00017978372834678646
4,WindStrongAGN,2.1880370443097306,0.4628948216776791,72,0.00014709577773827984
4,WindStrongAGN,2.1880370443097306,0.4775898892573593,65,0.00013279479934705818
4,WindStrongAGN,2.1880370443097306,0.4922849568370395,47,9.602085491248823e-05
4,WindStrongAGN,2.1880370443097306,0.5069800244167197,42,8.58058703473299e-05
4,WindStrongAGN,2.1880370443097306,0.5216750919963999,33,6.741889813004493e-05
4,WindStrongAGN,2.1880370443097306,0.5363701595760801,19,3.881694134760162e-05
4,WindStrongAGN,2.1880370443097306,0.5510652271557603,11,2.2472966043348307e-05
4,WindStrongAGN,2.1880370443097306,0.5657602947354405,4,8.171987652126658e-06
4,WindStrongAGN,3.0811133889262425,0.007347726707592954,76635,0.15656506843018161
4,WindStrongAGN,3.0811133889262425,0.022042794287273154,5090,0.010398854287331172
4,WindStrongAGN,3.0811133889262425,0.03673786186695335,1773,0.003622233526805141
4,WindStrongAGN,3.0811133889262425,0.05143292944663355,897,0.001832568230989403
4,WindStrongAGN,3.0811133889262425,0.06612799702631375,519,0.0010603153978634339
4,WindStrongAGN,3.0811133889262425,0.08082306460599395,337,0.0006884899596916709
4,WindStrongAGN,3.0811133889262425,0.09551813218567415,208,0.0004249433579105862
4,WindStrongAGN,3.0811133889262425,0.11021319976535435,166,0.0003391374875632563
4,WindStrongAGN,3.0811133889262425,0.12490826734503455,135,0.0002758045832592747
4,WindStrongAGN,3.0811133889262425,0.13960333492471474,108,0.00022064366660741976
4,WindStrongAGN,3.0811133889262425,0.15429840250439494,77,0.00015731076230343817
4,WindStrongAGN,3.0811133889262425,0.16899347008407514,60,0.00012257981478189987
4,WindStrongAGN,3.0811133889262425,0.18368853766375534,62,0.0001266658086079632
4,WindStrongAGN,3.0811133889262425,0.19838360524343554,36,7.354788886913992e-05
4,WindStrongAGN,3.0811133889262425,0.21307867282311574,43,8.784886726036156e-05
4,WindStrongAGN,3.0811133889262425,0.22777374040279594,26,5.3117919738823276e-05
4,WindStrongAGN,3.0811133889262425,0.24246880798247614,27,5.516091665185494e-05
4,WindStrongAGN,3.0811133889262425,0.2571638755621563,21,4.290293517366495e-05
4,WindStrongAGN,3.0811133889262425,0.2718589431418365,20,4.085993826063329e-05
4,WindStrongAGN,3.0811133889262425,0.2865540107215167,21,4.290293517366495e-05
4,WindStrongAGN,3.0811133889262425,0.3012490783011969,19,3.881694134760162e-05
4,WindStrongAGN,3.0811133889262425,0.3159441458808771,17,3.4730947521538296e-05
4,WindStrongAGN,3.0811133889262425,0.3306392134605573,12,2.4515962956379974e-05
4,WindStrongAGN,3.0811133889262425,0.3453342810402375,13,2.6558959869411638e-05
4,WindStrongAGN,3.0811133889262425,0.3600293486199177,8,1.6343975304253316e-05
4,WindStrongAGN,3.0811133889262425,0.3747244161995979,12,2.4515962956379974e-05
4,WindStrongAGN,3.0811133889262425,0.3894194837792781,12,2.4515962956379974e-05
4,WindStrongAGN,3.0811133889262425,0.4041145513589583,7,1.430097839122165e-05
4,WindStrongAGN,3.0811133889262425,0.4188096189386385,7,1.430097839122165e-05
4,WindStrongAGN,3.0811133889262425,0.4335046865183187,4,8.171987652126658e-06
4,WindStrongAGN,3.0811133889262425,0.4481997540979989,11,2.2472966043348307e-05
4,WindStrongAGN,3.0811133889262425,0.4628948216776791,5,1.0214984565158322e-05
4,WindStrongAGN,3.0811133889262425,0.4775898892573593,5,1.0214984565158322e-05
4,WindStrongAGN,3.0811133889262425,0.4922849568370395,3,6.1289907390949935e-06
4,WindStrongAGN,3.0811133889262425,0.5069800244167197,2,4.085993826063329e-06
4,WindStrongAGN,3.0811133889262425,0.5216750919963999,6,1.2257981478189987e-05
4,WindStrongAGN,3.0811133889262425,0.5363701595760801,4,8.171987652126658e-06
4,WindStrongAGN,3.0811133889262425,0.5510652271557603,10,2.0429969130316643e-05
4,WindStrongAGN,3.0811133889262425,0.5657602947354405,8,1.6343975304253316e-05
4,WindStrongAGN,4.867266078159267,0.007347726707592954,13342,0.027257664813668467
4,WindStrongAGN,4.867266078159267,0.022042794287273154,447,0.000913219620125154
4,WindStrongAGN,4.867266078159267,0.03673786186695335,134,0.000273761586346243
4,WindStrongAGN,4.867266078159267,0.05143292944663355,42,8.58058703473299e-05
4,WindStrongAGN,4.867266078159267,0.06612799702631375,17,3.4730947521538296e-05
4,WindStrongAGN,4.867266078159267,0.08082306460599395,8,1.6343975304253316e-05
4,WindStrongAGN,4.867266078159267,0.09551813218567415,8,1.6343975304253316e-05
4,WindStrongAGN,4.867266078159267,0.11021319976535435,5,1.0214984565158322e-05
4,WindStrongAGN,4.867266078159267,0.12490826734503455,1,2.0429969130316645e-06
4,WindStrongAGN,4.867266078159267,0.13960333492471474,4,8.171987652126658e-06
4,WindStrongAGN,4.867266078159267,0.15429840250439494,3,6.1289907390949935e-06
4,WindStrongAGN,4.867266078159267,0.16899347008407514,5,1.0214984565158322e-05
4,WindStrongAGN,4.867266078159267,0.18368853766375534,1,2.0429969130316645e-06
4,WindStrongAGN,4.867266078159267,0.19838360524343554,5,1.0214984565158322e-05
4,WindStrongAGN,4.867266078159267,0.21307867282311574,6,1.2257981478189987e-05
4,WindStrongAGN,4.867266078159267,0.22777374040279594,8,1.6343975304253316e-05
4,WindStrongAGN,4.867266078159267,0.24246880798247614,4,8.171987652126658e-06
4,WindStrongAGN,4.867266078159267,0.2571638755621563,12,2.4515962956379974e-05
4,WindStrongAGN,4.867266078159267,0.2718589431418365,6,1.2257981478189987e-05
4,WindStrongAGN,4.867266078159267,0.2865540107215167,4,8.171987652126658e-06
4,WindStrongAGN,4.867266078159267,0.3012490783011969,4,8.171987652126658e-06
4,WindStrongAGN,4.867266078159267,0.3159441458808771,5,1.0214984565158322e-05
4,WindStrongAGN,4.867266078159267,0.3306392134605573,5,1.0214984565158322e-05
4,WindStrongAGN,4.867266078159267,0.3453342810402375,5,1.0214984565158322e-05
4,WindStrongAGN,4.867266078159267,0.3600293486199177,3,6.1289907390949935e-06
4,WindStrongAGN,4.867266078159267,0.3747244161995979,3,6.1289907390949935e-06
4,WindStrongAGN,4.867266078159267,0.3894194837792781,2,4.085993826063329e-06
4,WindStrongAGN,4.867266078159267,0.4041145513589583,1,2.0429969130316645e-06
4,WindStrongAGN,4.867266078159267,0.4188096189386385,7,1.430097839122165e-05
4,WindStrongAGN,4.867266078159267,0.4335046865183187,5,1.0214984565158322e-05
4,WindStrongAGN,4.867266078159267,0.4481997540979989,5,1.0214984565158322e-05
4,WindStrongAGN,4.867266078159267,0.4628948216776791,1,2.0429969130316645e-06
4,WindStrongAGN,4.867266078159267,0.4775898892573593,3,6.1289907390949935e-06
4,WindStrongAGN,4.867266078159267,0.4922849568370395,2,4.085993826063329e-06
4,WindStrongAGN,4.867266078159267,0.5069800244167197,2,4.085993826063329e-06
4,WindStrongAGN,4.867266078159267,0.5363701595760801,3,6.1289907390949935e-06
4,WindStrongAGN,4.867266078159267,0.5510652271557603,4,8.171987652126658e-06
4,WindStrongAGN,4.867266078159267,0.5657602947354405,1,2.0429969130316645e-06
4,WindStrongAGN,6.653418767392292,0.007347726707592954,1064,0.002173748715465691
4,WindStrongAGN,6.653418767392292,0.022042794287273154,12,2.4515962956379974e-05
4,WindStrongAGN,6.653418767392292,0.03673786186695335,6,1.2257981478189987e-05
4,WindStrongAGN,6.653418767392292,0.05143292944663355,3,6.1289907390949935e-06
4,WindStrongAGN,6.653418767392292,0.19838360524343554,1,2.0429969130316645e-06
4,WindStrongAGN,6.653418767392292,0.21307867282311574,1,2.0429969130316645e-06
4,WindStrongAGN,6.653418767392292,0.22777374040279594,1,2.0429969130316645e-06
4,WindStrongAGN,6.653418767392292,0.24246880798247614,1,2.0429969130316645e-06
4,WindStrongAGN,6.653418767392292,0.2571638755621563,3,6.1289907390949935e-06
4,WindStrongAGN,6.653418767392292,0.2718589431418365,6,1.2257981478189987e-05
4,WindStrongAGN,6.653418767392292,0.2865540107215167,5,1.0214984565158322e-05
4,WindStrongAGN,6.653418767392292,0.3012490783011969,6,1.2257981478189987e-05
4,WindStrongAGN,6.653418767392292,0.3159441458808771,5,1.0214984565158322e-05
4,WindStrongAGN,6.653418767392292,0.3306392134605573,6,1.2257981478189987e-05
4,WindStrongAGN,6.653418767392292,0.3453342810402375,7,1.430097839122165e-05
4,WindStrongAGN,6.653418767392292,0.3600293486199177,8,1.6343975304253316e-05
4,WindStrongAGN,6.653418767392292,0.3747244161995979,6,1.2257981478189987e-05
4,WindStrongAGN,6.653418767392292,0.3894194837792781,2,4.085993826063329e-06
4,WindStrongAGN,6.653418767392292,0.4041145513589583,5,1.0214984565158322e-05
4,WindStrongAGN,6.653418767392292,0.4188096189386385,1,2.0429969130316645e-06
4,WindStrongAGN,6.653418767392292,0.4335046865183187,4,8.171987652126658e-06
4,WindStrongAGN,6.653418767392292,0.4481997540979989,2,4.085993826063329e-06
4,WindStrongAGN,6.653418767392292,0.4628948216776791,3,6.1289907390949935e-06
4,WindStrongAGN,6.653418767392292,0.4775898892573593,7,1.430097839122165e-05
4,WindStrongAGN,6.653418767392292,0.4922849568370395,3,6.1289907390949935e-06
4,WindStrongAGN,6.653418767392292,0.5069800244167197,1,2.0429969130316645e-06
4,WindStrongAGN,6.653418767392292,0.5216750919963999,2,4.085993826063329e-06
4,WindStrongAGN,6.653418767392292,0.5363701595760801,4,8.171987652126658e-06
4,WindStrongAGN,6.653418767392292,0.5510652271557603,4,8.171987652126658e-06
4,WindStrongAGN,6.653418767392292,0.5657602947354405,8,1.6343975304253316e-05
4,WindStrongAGN,8.439571456625316,0.007347726707592954,25,5.107492282579161e-05
4,WindStrongAGN,8.439571456625316,0.022042794287273154,1,2.0429969130316645e-06
4,WindStrongAGN,8.439571456625316,0.06612799702631375,1,2.0429969130316645e-06
4,WindStrongAGN,8.439571456625316,0.13960333492471474,1,2.0429969130316645e-06
4,WindStrongAGN,8.439571456625316,0.24246880798247614,1,2.0429969130316645e-06
4,WindStrongAGN,8.439571456625316,0.2571638755621563,1,2.0429969130316645e-06
4,WindStrongAGN,8.439571456625316,0.2865540107215167,3,6.1289907390949935e-06
4,WindStrongAGN,8.439571456625316,0.3012490783011969,9,1.838697221728498e-05
4,WindStrongAGN,8.439571456625316,0.3159441458808771,7,1.430097839122165e-05
4,WindStrongAGN,8.439571456625316,0.3306392134605573,4,8.171987652126658e-06
4,WindStrongAGN,8.439571456625316,0.3453342810402375,7,1.430097839122165e-05
4,WindStrongAGN,8.439571456625316,0.3600293486199177,3,6.1289907390949935e-06
4,WindStrongAGN,8.439571456625316,0.3747244161995979,1,2.0429969130316645e-06
4,WindStrongAGN,8.439571456625316,0.3894194837792781,5,1.0214984565158322e-05
4,WindStrongAGN,8.439571456625316,0.4041145513589583,3,6.1289907390949935e-06
4,WindStrongAGN,8.439571456625316,0.4188096189386385,1,2.0429969130316645e-06
4,WindStrongAGN,8.439571456625316,0.4335046865183187,7,1.430097839122165e-05
4,WindStrongAGN,8.439571456625316,0.4481997540979989,4,8.171987652126658e-06
4,WindStrongAGN,8.439571456625316,0.4628948216776791,4,8.171987652126658e-06
4,WindStrongAGN,8.439571456625316,0.4775898892573593,2,4.085993826063329e-06
4,WindStrongAGN,8.439571456625316,0.4922849568370395,1,2.0429969130316645e-06
4,WindStrongAGN,8.439571456625316,0.5069800244167197,5,1.0214984565158322e-05
4,WindStrongAGN,8.439571456625316,0.5216750919963999,2,4.085993826063329e-06
4,WindStrongAGN,8.439571456625316,0.5363701595760801,7,1.430097839122165e-05
4,WindStrongAGN,8.439571456625316,0.5510652271557603,12,2.4515962956379974e-05
4,WindStrongAGN,8.439571456625316,0.5657602947354405,2,4.085993826063329e-06
4,WindStrongAGN,10.22572414585834,0.007347726707592954,7,1.430097839122165e-05
4,WindStrongAGN,10.22572414585834,0.2718589431418365,1,2.0429969130316645e-06
4,WindStrongAGN,10.22572414585834,0.2865540107215167,3,6.1289907390949935e-06
4,WindStrongAGN,10.22572414585834,0.3012490783011969,1,2.0429969130316645e-06
4,WindStrongAGN,10.22572414585834,0.3159441458808771,4,8.171987652126658e-06
4,WindStrongAGN,10.22572414585834,0.3306392134605573,4,8.171987652126658e-06
4,WindStrongAGN,10.22572414585834,0.3453342810402375,6,1.2257981478189987e-05
4,WindStrongAGN,10.22572414585834,0.3600293486199177,3,6.1289907390949935e-06
4,WindStrongAGN,10.22572414585834,0.3747244161995979,2,4.085993826063329e-06
4,WindStrongAGN,10.22572414585834,0.3894194837792781,9,1.838697221728498e-05
4,WindStrongAGN,10.22572414585834,0.4041145513589583,11,2.2472966043348307e-05
4,WindStrongAGN,10.22572414585834,0.4188096189386385,7,1.430097839122165e-05
4,WindStrongAGN,10.22572414585834,0.4335046865183187,6,1.2257981478189987e-05
4,WindStrongAGN,10.22572414585834,0.4481997540979989,6,1.2257981478189987e-05
4,WindStrongAGN,10.22572414585834,0.4628948216776791,2,4.085993826063329e-06
4,WindStrongAGN,10.22572414585834,0.4775898892573593,3,6.1289907390949935e-06
4,WindStrongAGN,10.22572414585834,0.4922849568370395,6,1.2257981478189987e-05
4,WindStrongAGN,10.22572414585834,0.5069800244167197,4,8.171987652126658e-06
4,WindStrongAGN,10.22572414585834,0.5216750919963999,6,1.2257981478189987e-05
4,WindStrongAGN,10.22572414585834,0.5363701595760801,4,8.171987652126658e-06
4,WindStrongAGN,10.22572414585834,0.5510652271557603,6,1.2257981478189987e-05
4,WindStrongAGN,10.22572414585834,0.5657602947354405,8,1.6343975304253316e-05
4,WindStrongAGN,12.011876835091366,0.007347726707592954,1,2.0429969130316645e-06
4,WindStrongAGN,12.011876835091366,0.022042794287273154,1,2.0429969130316645e-06
4,WindStrongAGN,12.011876835091366,0.3306392134605573,2,4.085993826063329e-06
4,WindStrongAGN,12.011876835091366,0.3453342810402375,3,6.1289907390949935e-06
4,WindStrongAGN,12.011876835091366,0.3600293486199177,2,4.085993826063329e-06
4,WindStrongAGN,12.011876835091366,0.3747244161995979,2,4.085993826063329e-06
4,WindStrongAGN,12.011876835091366,0.3894194837792781,1,2.0429969130316645e-06
4,WindStrongAGN,12.011876835091366,0.4041145513589583,4,8.171987652126658e-06
4,WindStrongAGN,12.011876835091366,0.4188096189386385,6,1.2257981478189987e-05
4,WindStrongAGN,12.011876835091366,0.4335046865183187,5,1.0214984565158322e-05
4,WindStrongAGN,12.011876835091366,0.4481997540979989,4,8.171987652126658e-06
4,WindStrongAGN,12.011876835091366,0.4628948216776791,4,8.171987652126658e-06
4,WindStrongAGN,12.011876835091366,0.4775898892573593,8,1.6343975304253316e-05
4,WindStrongAGN,12.011876835091366,0.4922849568370395,6,1.2257981478189987e-05
4,WindStrongAGN,12.011876835091366,0.5069800244167197,6,1.2257981478189987e-05
4,WindStrongAGN,12.011876835091366,0.5216750919963999,4,8.171987652126658e-06
4,WindStrongAGN,12.011876835091366,0.5363701595760801,8,1.6343975304253316e-05
4,WindStrongAGN,12.011876835091366,0.5510652271557603,6,1.2257981478189987e-05
4,WindStrongAGN,12.011876835091366,0.5657602947354405,8,1.6343975304253316e-05
4,WindStrongAGN,13.79802952432439,0.007347726707592954,1,2.0429969130316645e-06
4,WindStrongAGN,13.79802952432439,0.3159441458808771,1,2.0429969130316645e-06
4,WindStrongAGN,13.79802952432439,0.3747244161995979,2,4.085993826063329e-06
4,WindStrongAGN,13.79802952432439,0.3894194837792781,4,8.171987652126658e-06
4,WindStrongAGN,13.79802952432439,0.4041145513589583,3,6.1289907390949935e-06
4,WindStrongAGN,13.79802952432439,0.4188096189386385,6,1.2257981478189987e-05
4,WindStrongAGN,13.79802952432439,0.4335046865183187,1,2.0429969130316645e-06
4,WindStrongAGN,13.79802952432439,0.4481997540979989,3,6.1289907390949935e-06
4,WindStrongAGN,13.79802952432439,0.4628948216776791,4,8.171987652126658e-06
4,WindStrongAGN,13.79802952432439,0.4775898892573593,2,4.085993826063329e-06
4,WindStrongAGN,13.79802952432439,0.4922849568370395,3,6.1289907390949935e-06
4,WindStrongAGN,13.79802952432439,0.5069800244167197,4,8.171987652126658e-06
4,WindStrongAGN,13.79802952432439,0.5216750919963999,8,1.6343975304253316e-05
4,WindStrongAGN,13.79802952432439,0.5363701595760801,5,1.0214984565158322e-05
4,WindStrongAGN,13.79802952432439,0.5510652271557603,11,2.2472966043348307e-05
4,WindStrongAGN,13.79802952432439,0.5657602947354405,7,1.430097839122165e-05
4,WindStrongAGN,15.584182213557414,0.3600293486199177,1,2.0429969130316645e-06
4,WindStrongAGN,15.584182213557414,0.3894194837792781,1,2.0429969130316645e-06
4,WindStrongAGN,15.584182213557414,0.4041145513589583,2,4.085993826063329e-06
4,WindStrongAGN,15.584182213557414,0.4188096189386385,3,6.1289907390949935e-06
4,WindStrongAGN,15.584182213557414,0.4481997540979989,3,6.1289907390949935e-06
4,WindStrongAGN,15.584182213557414,0.4628948216776791,1,2.0429969130316645e-06
4,WindStrongAGN,15.584182213557414,0.4775898892573593,4,8.171987652126658e-06
4,WindStrongAGN,15.584182213557414,0.4922849568370395,4,8.171987652126658e-06
4,WindStrongAGN,15.584182213557414,0.5069800244167197,7,1.430097839122165e-05
4,WindStrongAGN,15.584182213557414,0.5216750919963999,8,1.6343975304253316e-05
4,WindStrongAGN,15.584182213557414,0.5363701595760801,6,1.2257981478189987e-05
4,WindStrongAGN,15.584182213557414,0.5510652271557603,7,1.430097839122165e-05
4,WindStrongAGN,15.584182213557414,0.5657602947354405,9,1.838697221728498e-05
4,WindStrongAGN,17.37033490279044,0.4188096189386385,1,2.0429969130316645e-06
4,WindStrongAGN,17.37033490279044,0.4335046865183187,3,6.1289907390949935e-06
4,WindStrongAGN,17.37033490279044,0.4481997540979989,1,2.0429969130316645e-06
4,WindStrongAGN,17.37033490279044,0.4628948216776791,2,4.085993826063329e-06
4,WindStrongAGN,17.37033490279044,0.4775898892573593,1,2.0429969130316645e-06
4,WindStrongAGN,17.37033490279044,0.4922849568370395,1,2.0429969130316645e-06
4,WindStrongAGN,17.37033490279044,0.5069800244167197,4,8.171987652126658e-06
4,WindStrongAGN,17.37033490279044,0.5216750919963999,4,8.171987652126658e-06
4,WindStrongAGN,17.37033490279044,0.5363701595760801,7,1.430097839122165e-05
4,WindStrongAGN,17.37033490279044,0.5510652271557603,21,4.290293517366495e-05
4,WindStrongAGN,17.37033490279044,0.5657602947354405,8,1.6343975304253316e-05
4,WindStrongAGN,19.156487592023463,0.4188096189386385,1,2.0429969130316645e-06
4,WindStrongAGN,19.156487592023463,0.4628948216776791,1,2.0429969130316645e-06
4,WindStrongAGN,19.156487592023463,0.4775898892573593,2,4.085993826063329e-06
4,WindStrongAGN,19.156487592023463,0.4922849568370395,1,2.0429969130316645e-06
4,WindStrongAGN,19.156487592023463,0.5069800244167197,2,4.085993826063329e-06
4,WindStrongAGN,19.156487592023463,0.5216750919963999,1,2.0429969130316645e-06
4,WindStrongAGN,19.156487592023463,0.5363701595760801,5,1.0214984565158322e-05
4,WindStrongAGN,19.156487592023463,0.5510652271557603,8,1.6343975304253316e-05
4,WindStrongAGN,19.156487592023463,0.5657602947354405,12,2.4515962956379974e-05
4,WindStrongAGN,20.942640281256487,0.4922849568370395,1,2.0429969130316645e-06
4,WindStrongAGN,20.942640281256487,0.5069800244167197,2,4.085993826063329e-06
4,WindStrongAGN,20.942640281256487,0.5216750919963999,4,8.171987652126658e-06
4,WindStrongAGN,20.942640281256487,0.5363701595760801,2,4.085993826063329e-06
4,WindStrongAGN,20.942640281256487,0.5510652271557603,8,1.6343975304253316e-05
4,WindStrongAGN,20.942640281256487,0.5657602947354405,20,4.085993826063329e-05
4,WindStrongAGN,22.728792970489515,0.5510652271557603,14,2.86019567824433e-05
4,WindStrongAGN,22.728792970489515,0.5657602947354405,12,2.4515962956379974e-05
4,WindStrongAGN,24.514945659722535,0.5510652271557603,8,1.6343975304253316e-05
4,WindStrongAGN,24.514945659722535,0.5657602947354405,12,2.4515962956379974e-05
4,WindStrongAGN,26.301098348955563,0.5510652271557603,3,6.1289907390949935e-06
4,WindStrongAGN,26.301098348955563,0.5657602947354405,5,1.0214984565158322e-05
4,WindStrongAGN,28.087251038188583,0.5510652271557603,1,2.0429969130316645e-06
4,WindStrongAGN,28.087251038188583,0.5657602947354405,3,6.1289907390949935e-06
4,WindStrongAGN,29.87340372742161,0.5657602947354405,1,2.0429969130316645e-06
4,WindStrongAGN,31.659556416654635,0.5657602947354405,3,6.1289907390949935e-06
