feedback_class,class_name,depth_1_minus_f,local_ew_angstrom,count,density
1,NoFeedback,0.012820840182295097,6.911316839423444e-07,1,1.1806542713710229e-06
1,NoFeedback,0.012820840182295097,1.1041205241764472e-06,47,5.549075075443808e-05
1,NoFeedback,0.012820840182295097,1.7638926998018652e-06,287,0.0003388477758834836
1,NoFeedback,0.012820840182295097,2.817914700693581e-06,547,0.0006458178864399496
1,NoFeedback,0.012820840182295097,4.501772279729351e-06,309,0.0003648221698536461
1,NoFeedback,0.012820840182295097,7.191826513964913e-06,183,0.0002160597316608972
1,NoFeedback,0.012820840182295097,1.148933473153783e-05,513,0.0006056756412133348
1,NoFeedback,0.012820840182295097,1.8354838276062098e-05,1806,0.0021322616140960673
1,NoFeedback,0.012820840182295097,2.9322854282904214e-05,6196,0.007315333865414858
1,NoFeedback,0.012820840182295097,4.684485749012575e-05,15087,0.017812530992174624
1,NoFeedback,0.012820840182295097,7.483721237020207e-05,29606,0.03495445035821051
1,NoFeedback,0.012820840182295097,0.00011955652456672016,46915,0.05539039514137154
1,NoFeedback,0.012820840182295097,0.00019099806251153347,63643,0.07514037979286602
1,NoFeedback,0.012820840182295097,0.00030512981215677056,77211,0.09115949694682805
1,NoFeedback,0.012820840182295097,0.00048746150114064066,84170,0.099375670021299
1,NoFeedback,0.012820840182295097,0.0007787463093648891,84689,0.09998842958814057
1,NoFeedback,0.012820840182295097,0.0012440896623228223,78726,0.09294818816795515
1,NoFeedback,0.012820840182295097,0.0019875010247699244,67773,0.08001648193362834
1,NoFeedback,0.012820840182295097,0.003175141184025442,52987,0.06255932787713639
1,NoFeedback,0.012820840182295097,0.005072461051768028,30112,0.035551861419524246
1,NoFeedback,0.012820840182295097,0.008103532923560688,7872,0.009294110424232694
1,NoFeedback,0.012820840182295097,0.012945835398843203,993,0.0011723896914714257
1,NoFeedback,0.012820840182295097,0.020681677455356196,295,0.0003482930100544518
1,NoFeedback,0.012820840182295097,0.033040106658980835,157,0.0001853627206052506
1,NoFeedback,0.012820840182295097,0.052783370710295645,76,8.972972462419774e-05
1,NoFeedback,0.012820840182295097,0.08432431082310657,38,4.486486231209887e-05
1,NoFeedback,0.012820840182295097,0.13471268128780062,19,2.2432431156049436e-05
1,NoFeedback,0.012820840182295097,0.21521084871737584,12,1.4167851256452275e-05
1,NoFeedback,0.012820840182295097,0.3438110574512591,5,5.903271356855115e-06
1,NoFeedback,0.03846185732041733,0.0007787463093648891,2,2.3613085427420458e-06
1,NoFeedback,0.03846185732041733,0.0012440896623228223,11,1.2987196985081253e-05
1,NoFeedback,0.03846185732041733,0.0019875010247699244,165,0.0001948079547762188
1,NoFeedback,0.03846185732041733,0.003175141184025442,3558,0.0042007678975381
1,NoFeedback,0.03846185732041733,0.005072461051768028,17268,0.020387537958034826
1,NoFeedback,0.03846185732041733,0.008103532923560688,24832,0.02931800686668524
1,NoFeedback,0.03846185732041733,0.012945835398843203,11411,0.013472445890614743
1,NoFeedback,0.03846185732041733,0.020681677455356196,2159,0.0025490325718900385
1,NoFeedback,0.03846185732041733,0.033040106658980835,411,0.00048524890553349045
1,NoFeedback,0.03846185732041733,0.052783370710295645,96,0.0001133428100516182
1,NoFeedback,0.03846185732041733,0.08432431082310657,16,1.8890468341936366e-05
1,NoFeedback,0.03846185732041733,0.13471268128780062,8,9.445234170968183e-06
1,NoFeedback,0.03846185732041733,0.21521084871737584,1,1.1806542713710229e-06
1,NoFeedback,0.03846185732041733,0.3438110574512591,2,2.3613085427420458e-06
1,NoFeedback,0.06410287445853956,0.0019875010247699244,1,1.1806542713710229e-06
1,NoFeedback,0.06410287445853956,0.003175141184025442,9,1.0625888442339207e-05
1,NoFeedback,0.06410287445853956,0.005072461051768028,836,0.0009870269708661752
1,NoFeedback,0.06410287445853956,0.008103532923560688,8722,0.010297666554898062
1,NoFeedback,0.06410287445853956,0.012945835398843203,13935,0.016452417271555206
1,NoFeedback,0.06410287445853956,0.020681677455356196,6754,0.007974138948839889
1,NoFeedback,0.06410287445853956,0.033040106658980835,1405,0.0016588192512762873
1,NoFeedback,0.06410287445853956,0.052783370710295645,268,0.00031641534472743416
1,NoFeedback,0.06410287445853956,0.08432431082310657,83,9.79943045237949e-05
1,NoFeedback,0.06410287445853956,0.13471268128780062,4,4.7226170854840915e-06
1,NoFeedback,0.06410287445853956,0.3438110574512591,1,1.1806542713710229e-06
1,NoFeedback,0.08974389159666178,0.005072461051768028,3,3.541962814113069e-06
1,NoFeedback,0.08974389159666178,0.008103532923560688,804,0.0009492460341823024
1,NoFeedback,0.08974389159666178,0.012945835398843203,7581,0.008950540031263726
1,NoFeedback,0.08974389159666178,0.020681677455356196,8160,0.009634138854387547
1,NoFeedback,0.08974389159666178,0.033040106658980835,3005,0.003547866085469924
1,NoFeedback,0.08974389159666178,0.052783370710295645,573,0.0006765148974955962
1,NoFeedback,0.08974389159666178,0.08432431082310657,164,0.00019362730050484777
1,NoFeedback,0.08974389159666178,0.13471268128780062,27,3.187766532701762e-05
1,NoFeedback,0.08974389159666178,0.21521084871737584,4,4.7226170854840915e-06
1,NoFeedback,0.08974389159666178,0.3438110574512591,1,1.1806542713710229e-06
1,NoFeedback,0.11538490873478402,0.008103532923560688,22,2.5974393970162506e-05
1,NoFeedback,0.11538490873478402,0.012945835398843203,1899,0.0022420624613335724
1,NoFeedback,0.11538490873478402,0.020681677455356196,6871,0.0081122754985903
1,NoFeedback,0.11538490873478402,0.033040106658980835,4165,0.00491742504026031
1,NoFeedback,0.11538490873478402,0.052783370710295645,1080,0.0012751066130807047
1,NoFeedback,0.11538490873478402,0.08432431082310657,230,0.0002715504824153353
1,NoFeedback,0.11538490873478402,0.13471268128780062,54,6.375533065403524e-05
1,NoFeedback,0.11538490873478402,0.21521084871737584,8,9.445234170968183e-06
1,NoFeedback,0.11538490873478402,0.3438110574512591,1,1.1806542713710229e-06
1,NoFeedback,0.11538490873478402,1.401802660133478,1,1.1806542713710229e-06
1,NoFeedback,0.14102592587290624,0.008103532923560688,3,3.541962814113069e-06
1,NoFeedback,0.14102592587290624,0.012945835398843203,161,0.0001900853376907347
1,NoFeedback,0.14102592587290624,0.020681677455356196,3862,0.004559686796034891
1,NoFeedback,0.14102592587290624,0.033040106658980835,4455,0.0052598147789579075
1,NoFeedback,0.14102592587290624,0.052783370710295645,1541,0.0018193882321827465
1,NoFeedback,0.14102592587290624,0.08432431082310657,348,0.000410867686437116
1,NoFeedback,0.14102592587290624,0.13471268128780062,78,9.209103316693979e-05
1,NoFeedback,0.14102592587290624,0.21521084871737584,12,1.4167851256452275e-05
1,NoFeedback,0.14102592587290624,0.3438110574512591,2,2.3613085427420458e-06
1,NoFeedback,0.16666694301102847,0.012945835398843203,2,2.3613085427420458e-06
1,NoFeedback,0.16666694301102847,0.020681677455356196,1293,0.0015265859728827327
1,NoFeedback,0.16666694301102847,0.033040106658980835,4031,0.004759217367896594
1,NoFeedback,0.16666694301102847,0.052783370710295645,1938,0.0022881079779170426
1,NoFeedback,0.16666694301102847,0.08432431082310657,543,0.0006410952693544654
1,NoFeedback,0.16666694301102847,0.13471268128780062,118,0.00013931720402178072
1,NoFeedback,0.16666694301102847,0.21521084871737584,14,1.652915979919432e-05
1,NoFeedback,0.16666694301102847,0.3438110574512591,3,3.541962814113069e-06
1,NoFeedback,0.1923079601491507,0.012945835398843203,2,2.3613085427420458e-06
1,NoFeedback,0.1923079601491507,0.020681677455356196,223,0.0002632859025157381
1,NoFeedback,0.1923079601491507,0.033040106658980835,2982,0.0035207110372283907
1,NoFeedback,0.1923079601491507,0.052783370710295645,2181,0.002575006965860201
1,NoFeedback,0.1923079601491507,0.08432431082310657,722,0.0008524323839298785
1,NoFeedback,0.1923079601491507,0.13471268128780062,182,0.00021487907738952617
1,NoFeedback,0.1923079601491507,0.21521084871737584,38,4.486486231209887e-05
1,NoFeedback,0.1923079601491507,0.3438110574512591,4,4.7226170854840915e-06
1,NoFeedback,0.1923079601491507,0.5492568982011975,1,1.1806542713710229e-06
1,NoFeedback,0.21794897728727292,0.020681677455356196,9,1.0625888442339207e-05
1,NoFeedback,0.21794897728727292,0.033040106658980835,1787,0.002109829182940018
1,NoFeedback,0.21794897728727292,0.052783370710295645,2305,0.002721408095510208
1,NoFeedback,0.21794897728727292,0.08432431082310657,828,0.000977581736695207
1,NoFeedback,0.21794897728727292,0.13471268128780062,236,0.00027863440804356144
1,NoFeedback,0.21794897728727292,0.21521084871737584,48,5.66714050258091e-05
1,NoFeedback,0.21794897728727292,0.3438110574512591,4,4.7226170854840915e-06
1,NoFeedback,0.24358999442539514,0.020681677455356196,2,2.3613085427420458e-06
1,NoFeedback,0.24358999442539514,0.033040106658980835,767,0.0009055618261415746
1,NoFeedback,0.24358999442539514,0.052783370710295645,2279,0.0026907110844545615
1,NoFeedback,0.24358999442539514,0.08432431082310657,1025,0.0012101706281552986
1,NoFeedback,0.24358999442539514,0.13471268128780062,294,0.00034711235578308074
1,NoFeedback,0.24358999442539514,0.21521084871737584,75,8.854907035282672e-05
1,NoFeedback,0.24358999442539514,0.3438110574512591,11,1.2987196985081253e-05
1,NoFeedback,0.24358999442539514,0.5492568982011975,1,1.1806542713710229e-06
1,NoFeedback,0.26923101156351736,0.033040106658980835,168,0.00019834991759033185
1,NoFeedback,0.26923101156351736,0.052783370710295645,1939,0.0022892886321884136
1,NoFeedback,0.26923101156351736,0.08432431082310657,1057,0.0012479515648391713
1,NoFeedback,0.26923101156351736,0.13471268128780062,303,0.00035773824422541997
1,NoFeedback,0.26923101156351736,0.21521084871737584,79,9.327168743831082e-05
1,NoFeedback,0.26923101156351736,0.3438110574512591,7,8.26457989959716e-06
1,NoFeedback,0.26923101156351736,0.5492568982011975,1,1.1806542713710229e-06
1,NoFeedback,0.29487202870163964,0.020681677455356196,1,1.1806542713710229e-06
1,NoFeedback,0.29487202870163964,0.033040106658980835,26,3.06970110556466e-05
1,NoFeedback,0.29487202870163964,0.052783370710295645,1453,0.0017154906563020963
1,NoFeedback,0.29487202870163964,0.08432431082310657,1149,0.0013565717578053055
1,NoFeedback,0.29487202870163964,0.13471268128780062,377,0.00044510666030687565
1,NoFeedback,0.29487202870163964,0.21521084871737584,89,0.00010507823015202104
1,NoFeedback,0.29487202870163964,0.3438110574512591,8,9.445234170968183e-06
1,NoFeedback,0.29487202870163964,0.5492568982011975,1,1.1806542713710229e-06
1,NoFeedback,0.3205130458397618,0.033040106658980835,12,1.4167851256452275e-05
1,NoFeedback,0.3205130458397618,0.052783370710295645,954,0.001126344174887956
1,NoFeedback,0.3205130458397618,0.08432431082310657,1199,0.0014156044713738566
1,NoFeedback,0.3205130458397618,0.13471268128780062,463,0.0005466429276447836
1,NoFeedback,0.3205130458397618,0.21521084871737584,112,0.00013223327839355457
1,NoFeedback,0.3205130458397618,0.3438110574512591,20,2.361308542742046e-05
1,NoFeedback,0.3205130458397618,0.5492568982011975,1,1.1806542713710229e-06
1,NoFeedback,0.3461540629778841,0.033040106658980835,3,3.541962814113069e-06
1,NoFeedback,0.3461540629778841,0.052783370710295645,516,0.0006092176040274479
1,NoFeedback,0.3461540629778841,0.08432431082310657,1195,0.0014108818542883724
1,NoFeedback,0.3461540629778841,0.13471268128780062,524,0.000618662838198416
1,NoFeedback,0.3461540629778841,0.21521084871737584,135,0.0001593883266350881
1,NoFeedback,0.3461540629778841,0.3438110574512591,12,1.4167851256452275e-05
1,NoFeedback,0.3461540629778841,0.5492568982011975,2,2.3613085427420458e-06
1,NoFeedback,0.37179508011600626,0.052783370710295645,221,0.00026092459397299606
1,NoFeedback,0.37179508011600626,0.08432431082310657,1174,0.001386088114589581
1,NoFeedback,0.37179508011600626,0.13471268128780062,522,0.000616301529655674
1,NoFeedback,0.37179508011600626,0.21521084871737584,168,0.00019834991759033185
1,NoFeedback,0.37179508011600626,0.3438110574512591,22,2.5974393970162506e-05
1,NoFeedback,0.37179508011600626,0.5492568982011975,1,1.1806542713710229e-06
1,NoFeedback,0.39743609725412854,0.052783370710295645,63,7.438121909637444e-05
1,NoFeedback,0.39743609725412854,0.08432431082310657,1035,0.0012219771708690088
1,NoFeedback,0.39743609725412854,0.13471268128780062,627,0.0007402702281496314
1,NoFeedback,0.39743609725412854,0.21521084871737584,198,0.00023376954573146256
1,NoFeedback,0.39743609725412854,0.3438110574512591,38,4.486486231209887e-05
1,NoFeedback,0.39743609725412854,0.5492568982011975,1,1.1806542713710229e-06
1,NoFeedback,0.4230771143922507,0.052783370710295645,16,1.8890468341936366e-05
1,NoFeedback,0.4230771143922507,0.08432431082310657,826,0.0009752204281524649
1,NoFeedback,0.4230771143922507,0.13471268128780062,623,0.0007355476110641473
1,NoFeedback,0.4230771143922507,0.21521084871737584,192,0.0002266856201032364
1,NoFeedback,0.4230771143922507,0.3438110574512591,39,4.604551658346989e-05
1,NoFeedback,0.4230771143922507,0.5492568982011975,3,3.541962814113069e-06
1,NoFeedback,0.448718131530373,0.052783370710295645,2,2.3613085427420458e-06
1,NoFeedback,0.448718131530373,0.08432431082310657,627,0.0007402702281496314
1,NoFeedback,0.448718131530373,0.13471268128780062,630,0.0007438121909637444
1,NoFeedback,0.448718131530373,0.21521084871737584,258,0.00030460880201372393
1,NoFeedback,0.448718131530373,0.3438110574512591,46,5.431009648306705e-05
1,NoFeedback,0.448718131530373,0.5492568982011975,6,7.083925628226138e-06
1,NoFeedback,0.47435914866849516,0.052783370710295645,5,5.903271356855115e-06
1,NoFeedback,0.47435914866849516,0.08432431082310657,424,0.0005005974110613138
1,NoFeedback,0.47435914866849516,0.13471268128780062,652,0.0007697865849339069
1,NoFeedback,0.47435914866849516,0.21521084871737584,248,0.0002928022593000137
1,NoFeedback,0.47435914866849516,0.3438110574512591,47,5.549075075443808e-05
1,NoFeedback,0.47435914866849516,0.5492568982011975,4,4.7226170854840915e-06
1,NoFeedback,0.5000001658066174,0.052783370710295645,2,2.3613085427420458e-06
1,NoFeedback,0.5000001658066174,0.08432431082310657,262,0.000309331419099208
1,NoFeedback,0.5000001658066174,0.13471268128780062,624,0.0007367282653355183
1,NoFeedback,0.5000001658066174,0.21521084871737584,262,0.000309331419099208
1,NoFeedback,0.5000001658066174,0.3438110574512591,64,7.556187336774546e-05
1,NoFeedback,0.5000001658066174,0.5492568982011975,5,5.903271356855115e-06
1,NoFeedback,0.5256411829447396,0.08432431082310657,125,0.00014758178392137788
1,NoFeedback,0.5256411829447396,0.13471268128780062,615,0.0007261023768931792
1,NoFeedback,0.5256411829447396,0.21521084871737584,316,0.0003730867497532433
1,NoFeedback,0.5256411829447396,0.3438110574512591,73,8.618776181008468e-05
1,NoFeedback,0.5256411829447396,0.5492568982011975,9,1.0625888442339207e-05
1,NoFeedback,0.5512822000828619,0.052783370710295645,1,1.1806542713710229e-06
1,NoFeedback,0.5512822000828619,0.08432431082310657,47,5.549075075443808e-05
1,NoFeedback,0.5512822000828619,0.13471268128780062,626,0.0007390895738782604
1,NoFeedback,0.5512822000828619,0.21521084871737584,339,0.0004002417979947768
1,NoFeedback,0.5512822000828619,0.3438110574512591,86,0.00010153626733790798
1,NoFeedback,0.5512822000828619,0.5492568982011975,11,1.2987196985081253e-05
1,NoFeedback,0.5769232172209842,0.08432431082310657,4,4.7226170854840915e-06
1,NoFeedback,0.5769232172209842,0.13471268128780062,520,0.000613940221112932
1,NoFeedback,0.5769232172209842,0.21521084871737584,353,0.0004167709577939711
1,NoFeedback,0.5769232172209842,0.3438110574512591,89,0.00010507823015202104
1,NoFeedback,0.5769232172209842,0.5492568982011975,8,9.445234170968183e-06
1,NoFeedback,0.6025642343591063,0.08432431082310657,1,1.1806542713710229e-06
1,NoFeedback,0.6025642343591063,0.13471268128780062,402,0.0004746230170911512
1,NoFeedback,0.6025642343591063,0.21521084871737584,363,0.00042857750050768133
1,NoFeedback,0.6025642343591063,0.3438110574512591,105,0.0001239686984939574
1,NoFeedback,0.6025642343591063,0.5492568982011975,15,1.7709814070565345e-05
1,NoFeedback,0.6282052514972285,0.13471268128780062,323,0.00038135132965284044
1,NoFeedback,0.6282052514972285,0.21521084871737584,335,0.0003955191809092927
1,NoFeedback,0.6282052514972285,0.3438110574512591,131,0.000154665709549604
1,NoFeedback,0.6282052514972285,0.5492568982011975,22,2.5974393970162506e-05
1,NoFeedback,0.6538462686353508,0.13471268128780062,234,0.00027627309950081937
1,NoFeedback,0.6538462686353508,0.21521084871737584,386,0.0004557325487492149
1,NoFeedback,0.6538462686353508,0.3438110574512591,126,0.0001487624381927489
1,NoFeedback,0.6538462686353508,0.5492568982011975,12,1.4167851256452275e-05
1,NoFeedback,0.6538462686353508,0.8774678233388973,2,2.3613085427420458e-06
1,NoFeedback,0.6794872857734731,0.13471268128780062,139,0.0001641109437205722
1,NoFeedback,0.6794872857734731,0.21521084871737584,378,0.00044628731457824666
1,NoFeedback,0.6794872857734731,0.3438110574512591,149,0.0001759174864342824
1,NoFeedback,0.6794872857734731,0.5492568982011975,24,2.833570251290455e-05
1,NoFeedback,0.6794872857734731,0.8774678233388973,1,1.1806542713710229e-06
1,NoFeedback,0.7051283029115952,0.08432431082310657,2,2.3613085427420458e-06
1,NoFeedback,0.7051283029115952,0.13471268128780062,117,0.00013813654975040969
1,NoFeedback,0.7051283029115952,0.21521084871737584,382,0.00045100993166373075
1,NoFeedback,0.7051283029115952,0.3438110574512591,162,0.00019126599196210572
1,NoFeedback,0.7051283029115952,0.5492568982011975,23,2.7155048241533527e-05
1,NoFeedback,0.7307693200497174,0.08432431082310657,1,1.1806542713710229e-06
1,NoFeedback,0.7307693200497174,0.13471268128780062,41,4.840682512621194e-05
1,NoFeedback,0.7307693200497174,0.21521084871737584,352,0.0004155903035226001
1,NoFeedback,0.7307693200497174,0.3438110574512591,201,0.0002373115085455756
1,NoFeedback,0.7307693200497174,0.5492568982011975,38,4.486486231209887e-05
1,NoFeedback,0.7307693200497174,0.8774678233388973,1,1.1806542713710229e-06
1,NoFeedback,0.7564103371878397,0.13471268128780062,15,1.7709814070565345e-05
1,NoFeedback,0.7564103371878397,0.21521084871737584,316,0.0003730867497532433
1,NoFeedback,0.7564103371878397,0.3438110574512591,190,0.00022432431156049437
1,NoFeedback,0.7564103371878397,0.5492568982011975,42,4.958747939758296e-05
1,NoFeedback,0.7564103371878397,0.8774678233388973,3,3.541962814113069e-06
1,NoFeedback,0.782051354325962,0.13471268128780062,5,5.903271356855115e-06
1,NoFeedback,0.782051354325962,0.21521084871737584,316,0.0003730867497532433
1,NoFeedback,0.782051354325962,0.3438110574512591,206,0.00024321477990243073
1,NoFeedback,0.782051354325962,0.5492568982011975,42,4.958747939758296e-05
1,NoFeedback,0.782051354325962,0.8774678233388973,6,7.083925628226138e-06
1,NoFeedback,0.8076923714640841,0.13471268128780062,4,4.7226170854840915e-06
1,NoFeedback,0.8076923714640841,0.21521084871737584,229,0.0002703698281439643
1,NoFeedback,0.8076923714640841,0.3438110574512591,181,0.00021369842311815516
1,NoFeedback,0.8076923714640841,0.5492568982011975,47,5.549075075443808e-05
1,NoFeedback,0.8076923714640841,0.8774678233388973,5,5.903271356855115e-06
1,NoFeedback,0.8333333886022064,0.13471268128780062,1,1.1806542713710229e-06
1,NoFeedback,0.8333333886022064,0.21521084871737584,201,0.0002373115085455756
1,NoFeedback,0.8333333886022064,0.3438110574512591,201,0.0002373115085455756
1,NoFeedback,0.8333333886022064,0.5492568982011975,64,7.556187336774546e-05
1,NoFeedback,0.8333333886022064,0.8774678233388973,6,7.083925628226138e-06
1,NoFeedback,0.8589744057403286,0.21521084871737584,167,0.00019716926331896084
1,NoFeedback,0.8589744057403286,0.3438110574512591,206,0.00024321477990243073
1,NoFeedback,0.8589744057403286,0.5492568982011975,58,6.847794773951933e-05
1,NoFeedback,0.8589744057403286,0.8774678233388973,1,1.1806542713710229e-06
1,NoFeedback,0.8846154228784509,0.21521084871737584,91,0.00010743953869476309
1,NoFeedback,0.8846154228784509,0.3438110574512591,239,0.0002821763708576745
1,NoFeedback,0.8846154228784509,0.5492568982011975,82,9.681365025242388e-05
1,NoFeedback,0.8846154228784509,0.8774678233388973,9,1.0625888442339207e-05
1,NoFeedback,0.9102564400165731,0.21521084871737584,49,5.785205929718012e-05
1,NoFeedback,0.9102564400165731,0.3438110574512591,251,0.00029634422211412677
1,NoFeedback,0.9102564400165731,0.5492568982011975,94,0.00011098150150887616
1,NoFeedback,0.9102564400165731,0.8774678233388973,5,5.903271356855115e-06
1,NoFeedback,0.9358974571546953,0.13471268128780062,1,1.1806542713710229e-06
1,NoFeedback,0.9358974571546953,0.21521084871737584,20,2.361308542742046e-05
1,NoFeedback,0.9358974571546953,0.3438110574512591,289,0.00034120908442622565
1,NoFeedback,0.9358974571546953,0.5492568982011975,133,0.00015702701809234605
1,NoFeedback,0.9358974571546953,0.8774678233388973,17,2.007112261330739e-05
1,NoFeedback,0.9615384742928175,0.21521084871737584,5,5.903271356855115e-06
1,NoFeedback,0.9615384742928175,0.3438110574512591,282,0.0003329445045266285
1,NoFeedback,0.9615384742928175,0.5492568982011975,185,0.00021842104020363925
1,NoFeedback,0.9615384742928175,0.8774678233388973,24,2.833570251290455e-05
1,NoFeedback,0.9871794914309397,0.033040106658980835,258,0.00030460880201372393
1,NoFeedback,0.9871794914309397,0.052783370710295645,193,0.00022786627437460744
1,NoFeedback,0.9871794914309397,0.08432431082310657,35,4.13228994979858e-05
1,NoFeedback,0.9871794914309397,0.13471268128780062,16,1.8890468341936366e-05
1,NoFeedback,0.9871794914309397,0.21521084871737584,136,0.00016056898090645912
1,NoFeedback,0.9871794914309397,0.3438110574512591,413,0.00048761021407623246
1,NoFeedback,0.9871794914309397,0.5492568982011975,752,0.0008878520120710093
1,NoFeedback,0.9871794914309397,0.8774678233388973,162,0.00019126599196210572
1,NoFeedback,0.9871794914309397,1.401802660133478,4,4.7226170854840915e-06
1,NoFeedback,0.9871794914309397,2.2394561323969477,1,1.1806542713710229e-06
1,NoFeedback,0.9871794914309397,3.5776531972430146,1,1.1806542713710229e-06
2,StellarWind,0.012820840182295097,1.1041205241764472e-06,39,4.6046821352501406e-05
2,StellarWind,0.012820840182295097,1.7638926998018652e-06,274,0.00032350843719449704
2,StellarWind,0.012820840182295097,2.817914700693581e-06,509,0.0006009700530364927
2,StellarWind,0.012820840182295097,4.501772279729351e-06,274,0.00032350843719449704
2,StellarWind,0.012820840182295097,7.191826513964913e-06,173,0.0002042589767687883
2,StellarWind,0.012820840182295097,1.148933473153783e-05,526,0.0006210417443952754
2,StellarWind,0.012820840182295097,1.8354838276062098e-05,1759,0.002076829711770512
2,StellarWind,0.012820840182295097,2.9322854282904214e-05,5977,0.007056970544202587
2,StellarWind,0.012820840182295097,4.684485749012575e-05,14718,0.01737736196579784
2,StellarWind,0.012820840182295097,7.483721237020207e-05,28899,0.03412069462220354
2,StellarWind,0.012820840182295097,0.00011955652456672016,46052,0.054373031203215245
2,StellarWind,0.012820840182295097,0.00019099806251153347,62787,0.0741318403143463
2,StellarWind,0.012820840182295097,0.00030512981215677056,76134,0.08989047940644466
2,StellarWind,0.012820840182295097,0.00048746150114064066,82959,0.09794867314313241
2,StellarWind,0.012820840182295097,0.0007787463093648891,83606,0.09871257810249313
2,StellarWind,0.012820840182295097,0.0012440896623228223,77775,0.09182798796643069
2,StellarWind,0.012820840182295097,0.0019875010247699244,67049,0.07916393140676581
2,StellarWind,0.012820840182295097,0.003175141184025442,52690,0.06221043633495638
2,StellarWind,0.012820840182295097,0.005072461051768028,29994,0.03541354768325454
2,StellarWind,0.012820840182295097,0.008103532923560688,7844,0.009261314530487718
2,StellarWind,0.012820840182295097,0.012945835398843203,1128,0.001331815756041579
2,StellarWind,0.012820840182295097,0.020681677455356196,327,0.00038608488672481946
2,StellarWind,0.012820840182295097,0.033040106658980835,150,0.00017710315904808234
2,StellarWind,0.012820840182295097,0.052783370710295645,79,9.327433043199003e-05
2,StellarWind,0.012820840182295097,0.08432431082310657,50,5.903438634936078e-05
2,StellarWind,0.012820840182295097,0.13471268128780062,26,3.0697880901667604e-05
2,StellarWind,0.012820840182295097,0.21521084871737584,14,1.6529628177821016e-05
2,StellarWind,0.012820840182295097,0.3438110574512591,3,3.5420631809616464e-06
2,StellarWind,0.012820840182295097,0.5492568982011975,1,1.1806877269872156e-06
2,StellarWind,0.03846185732041733,0.0007787463093648891,1,1.1806877269872156e-06
2,StellarWind,0.03846185732041733,0.0012440896623228223,5,5.9034386349360776e-06
2,StellarWind,0.03846185732041733,0.0019875010247699244,158,0.00018654866086398005
2,StellarWind,0.03846185732041733,0.003175141184025442,3406,0.004021422398118456
2,StellarWind,0.03846185732041733,0.005072461051768028,17006,0.020078775485144588
2,StellarWind,0.03846185732041733,0.008103532923560688,24424,0.028837117043935753
2,StellarWind,0.03846185732041733,0.012945835398843203,11274,0.013311073434053867
2,StellarWind,0.03846185732041733,0.020681677455356196,2213,0.002612861939822708
2,StellarWind,0.03846185732041733,0.033040106658980835,446,0.0005265867262362981
2,StellarWind,0.03846185732041733,0.052783370710295645,126,0.00014876665360038916
2,StellarWind,0.03846185732041733,0.08432431082310657,34,4.014338271756533e-05
2,StellarWind,0.03846185732041733,0.13471268128780062,10,1.1806877269872155e-05
2,StellarWind,0.03846185732041733,0.21521084871737584,5,5.9034386349360776e-06
2,StellarWind,0.06410287445853956,0.0012440896623228223,1,1.1806877269872156e-06
2,StellarWind,0.06410287445853956,0.0019875010247699244,1,1.1806877269872156e-06
2,StellarWind,0.06410287445853956,0.003175141184025442,9,1.0626189542884939e-05
2,StellarWind,0.06410287445853956,0.005072461051768028,804,0.0009492729324977213
2,StellarWind,0.06410287445853956,0.008103532923560688,8418,0.00993902928577838
2,StellarWind,0.06410287445853956,0.012945835398843203,13546,0.015993595949768822
2,StellarWind,0.06410287445853956,0.020681677455356196,6609,0.007803165187658508
2,StellarWind,0.06410287445853956,0.033040106658980835,1485,0.001753321274576015
2,StellarWind,0.06410287445853956,0.052783370710295645,294,0.0003471221917342414
2,StellarWind,0.06410287445853956,0.08432431082310657,89,0.00010508120770186218
2,StellarWind,0.06410287445853956,0.13471268128780062,24,2.833650544769317e-05
2,StellarWind,0.06410287445853956,0.21521084871737584,2,2.361375453974431e-06
2,StellarWind,0.06410287445853956,0.3438110574512591,2,2.361375453974431e-06
2,StellarWind,0.06410287445853956,0.5492568982011975,1,1.1806877269872156e-06
2,StellarWind,0.08974389159666178,0.005072461051768028,2,2.361375453974431e-06
2,StellarWind,0.08974389159666178,0.008103532923560688,812,0.000958718434313619
2,StellarWind,0.08974389159666178,0.012945835398843203,7314,0.008635550035184495
2,StellarWind,0.08974389159666178,0.020681677455356196,8030,0.009480922447707341
2,StellarWind,0.08974389159666178,0.033040106658980835,2896,0.003419271657354976
2,StellarWind,0.08974389159666178,0.052783370710295645,604,0.0007131353871002782
2,StellarWind,0.08974389159666178,0.08432431082310657,165,0.00019481347495289055
2,StellarWind,0.08974389159666178,0.13471268128780062,44,5.1950259987437485e-05
2,StellarWind,0.08974389159666178,0.21521084871737584,10,1.1806877269872155e-05
2,StellarWind,0.08974389159666178,0.3438110574512591,2,2.361375453974431e-06
2,StellarWind,0.08974389159666178,2.2394561323969477,1,1.1806877269872156e-06
2,StellarWind,0.08974389159666178,3.5776531972430146,1,1.1806877269872156e-06
2,StellarWind,0.11538490873478402,0.008103532923560688,21,2.4794442266731525e-05
2,StellarWind,0.11538490873478402,0.012945835398843203,1835,0.0021665619790215405
2,StellarWind,0.11538490873478402,0.020681677455356196,6788,0.00801450829078922
2,StellarWind,0.11538490873478402,0.033040106658980835,4020,0.004746364662488606
2,StellarWind,0.11538490873478402,0.052783370710295645,1118,0.001320008878771707
2,StellarWind,0.11538490873478402,0.08432431082310657,258,0.0003046174335627016
2,StellarWind,0.11538490873478402,0.13471268128780062,83,9.799708133993888e-05
2,StellarWind,0.11538490873478402,0.21521084871737584,15,1.7710315904808234e-05
2,StellarWind,0.11538490873478402,0.3438110574512591,2,2.361375453974431e-06
2,StellarWind,0.11538490873478402,0.8774678233388973,2,2.361375453974431e-06
2,StellarWind,0.14102592587290624,0.008103532923560688,2,2.361375453974431e-06
2,StellarWind,0.14102592587290624,0.012945835398843203,153,0.00018064522222904398
2,StellarWind,0.14102592587290624,0.020681677455356196,3769,0.004450012043014815
2,StellarWind,0.14102592587290624,0.033040106658980835,4379,0.005170231556477016
2,StellarWind,0.14102592587290624,0.052783370710295645,1566,0.0018489569804619795
2,StellarWind,0.14102592587290624,0.08432431082310657,392,0.00046282958897898846
2,StellarWind,0.14102592587290624,0.13471268128780062,111,0.00013105633769558092
2,StellarWind,0.14102592587290624,0.21521084871737584,21,2.4794442266731525e-05
2,StellarWind,0.14102592587290624,0.3438110574512591,3,3.5420631809616464e-06
2,StellarWind,0.14102592587290624,0.5492568982011975,1,1.1806877269872156e-06
2,StellarWind,0.16666694301102847,0.008103532923560688,1,1.1806877269872156e-06
2,StellarWind,0.16666694301102847,0.012945835398843203,6,7.084126361923293e-06
2,StellarWind,0.16666694301102847,0.020681677455356196,1212,0.0014309935251085053
2,StellarWind,0.16666694301102847,0.033040106658980835,4013,0.004738099848399696
2,StellarWind,0.16666694301102847,0.052783370710295645,1902,0.002245668056729684
2,StellarWind,0.16666694301102847,0.08432431082310657,554,0.0006541010007509174
2,StellarWind,0.16666694301102847,0.13471268128780062,119,0.00014050183951147863
2,StellarWind,0.16666694301102847,0.21521084871737584,37,4.368544589852698e-05
2,StellarWind,0.16666694301102847,0.3438110574512591,6,7.084126361923293e-06
2,StellarWind,0.16666694301102847,0.8774678233388973,2,2.361375453974431e-06
2,StellarWind,0.1923079601491507,0.012945835398843203,4,4.722750907948862e-06
2,StellarWind,0.1923079601491507,0.020681677455356196,214,0.0002526671735752641
2,StellarWind,0.1923079601491507,0.033040106658980835,3018,0.0035633155600474165
2,StellarWind,0.1923079601491507,0.052783370710295645,2068,0.0024416622194095615
2,StellarWind,0.1923079601491507,0.08432431082310657,669,0.0007898800893544472
2,StellarWind,0.1923079601491507,0.13471268128780062,157,0.00018536797313699284
2,StellarWind,0.1923079601491507,0.21521084871737584,39,4.6046821352501406e-05
2,StellarWind,0.1923079601491507,0.3438110574512591,4,4.722750907948862e-06
2,StellarWind,0.1923079601491507,0.5492568982011975,3,3.5420631809616464e-06
2,StellarWind,0.1923079601491507,2.2394561323969477,1,1.1806877269872156e-06
2,StellarWind,0.1923079601491507,3.5776531972430146,1,1.1806877269872156e-06
2,StellarWind,0.21794897728727292,0.012945835398843203,1,1.1806877269872156e-06
2,StellarWind,0.21794897728727292,0.020681677455356196,8,9.445501815897724e-06
2,StellarWind,0.21794897728727292,0.033040106658980835,1710,0.0020189760131481384
2,StellarWind,0.21794897728727292,0.052783370710295645,2304,0.0027203045229785444
2,StellarWind,0.21794897728727292,0.08432431082310657,873,0.0010307403856598392
2,StellarWind,0.21794897728727292,0.13471268128780062,238,0.00028100367902295727
2,StellarWind,0.21794897728727292,0.21521084871737584,61,7.202195134622015e-05
2,StellarWind,0.21794897728727292,0.3438110574512591,13,1.5348940450833802e-05
2,StellarWind,0.21794897728727292,0.5492568982011975,2,2.361375453974431e-06
2,StellarWind,0.21794897728727292,2.2394561323969477,1,1.1806877269872156e-06
2,StellarWind,0.24358999442539514,0.020681677455356196,3,3.5420631809616464e-06
2,StellarWind,0.24358999442539514,0.033040106658980835,770,0.0009091295497801559
2,StellarWind,0.24358999442539514,0.052783370710295645,2167,0.002558550304381296
2,StellarWind,0.24358999442539514,0.08432431082310657,1003,0.0011842297901681772
2,StellarWind,0.24358999442539514,0.13471268128780062,306,0.00036129044445808796
2,StellarWind,0.24358999442539514,0.21521084871737584,71,8.38288286160923e-05
2,StellarWind,0.24358999442539514,0.3438110574512591,11,1.2987564996859371e-05
2,StellarWind,0.24358999442539514,0.5492568982011975,4,4.722750907948862e-06
2,StellarWind,0.26923101156351736,0.012945835398843203,1,1.1806877269872156e-06
2,StellarWind,0.26923101156351736,0.020681677455356196,1,1.1806877269872156e-06
2,StellarWind,0.26923101156351736,0.033040106658980835,169,0.0001995362258608394
2,StellarWind,0.26923101156351736,0.052783370710295645,1967,0.002322412758983853
2,StellarWind,0.26923101156351736,0.08432431082310657,1020,0.0012043014815269599
2,StellarWind,0.26923101156351736,0.13471268128780062,333,0.00039316901308674275
2,StellarWind,0.26923101156351736,0.21521084871737584,90,0.0001062618954288494
2,StellarWind,0.26923101156351736,0.3438110574512591,21,2.4794442266731525e-05
2,StellarWind,0.26923101156351736,0.5492568982011975,4,4.722750907948862e-06
2,StellarWind,0.26923101156351736,0.8774678233388973,2,2.361375453974431e-06
2,StellarWind,0.29487202870163964,0.012945835398843203,1,1.1806877269872156e-06
2,StellarWind,0.29487202870163964,0.020681677455356196,1,1.1806877269872156e-06
2,StellarWind,0.29487202870163964,0.033040106658980835,29,3.423994408262925e-05
2,StellarWind,0.29487202870163964,0.052783370710295645,1531,0.0018076329100174269
2,StellarWind,0.29487202870163964,0.08432431082310657,1153,0.0013613329492162595
2,StellarWind,0.29487202870163964,0.13471268128780062,401,0.00047345577852187345
2,StellarWind,0.29487202870163964,0.21521084871737584,92,0.00010862327088282383
2,StellarWind,0.29487202870163964,0.3438110574512591,10,1.1806877269872155e-05
2,StellarWind,0.29487202870163964,0.5492568982011975,2,2.361375453974431e-06
2,StellarWind,0.3205130458397618,0.033040106658980835,9,1.0626189542884939e-05
2,StellarWind,0.3205130458397618,0.052783370710295645,928,0.001095678210644136
2,StellarWind,0.3205130458397618,0.08432431082310657,1182,0.0013955728932988887
2,StellarWind,0.3205130458397618,0.13471268128780062,442,0.0005218639753283492
2,StellarWind,0.3205130458397618,0.21521084871737584,117,0.0001381404640575042
2,StellarWind,0.3205130458397618,0.3438110574512591,20,2.361375453974431e-05
2,StellarWind,0.3205130458397618,0.5492568982011975,9,1.0626189542884939e-05
2,StellarWind,0.3205130458397618,0.8774678233388973,1,1.1806877269872156e-06
2,StellarWind,0.3461540629778841,0.033040106658980835,3,3.5420631809616464e-06
2,StellarWind,0.3461540629778841,0.052783370710295645,526,0.0006210417443952754
2,StellarWind,0.3461540629778841,0.08432431082310657,1222,0.0014428004023783773
2,StellarWind,0.3461540629778841,0.13471268128780062,484,0.0005714528598618124
2,StellarWind,0.3461540629778841,0.21521084871737584,132,0.00015585077996231245
2,StellarWind,0.3461540629778841,0.3438110574512591,27,3.187856862865482e-05
2,StellarWind,0.3461540629778841,0.5492568982011975,6,7.084126361923293e-06
2,StellarWind,0.3461540629778841,0.8774678233388973,1,1.1806877269872156e-06
2,StellarWind,0.3461540629778841,2.2394561323969477,1,1.1806877269872156e-06
2,StellarWind,0.37179508011600626,0.052783370710295645,235,0.0002774616158419956
2,StellarWind,0.37179508011600626,0.08432431082310657,1142,0.0013483453842194001
2,StellarWind,0.37179508011600626,0.13471268128780062,547,0.0006458361866620069
2,StellarWind,0.37179508011600626,0.21521084871737584,150,0.00017710315904808234
2,StellarWind,0.37179508011600626,0.3438110574512591,26,3.0697880901667604e-05
2,StellarWind,0.37179508011600626,0.5492568982011975,2,2.361375453974431e-06
2,StellarWind,0.37179508011600626,0.8774678233388973,1,1.1806877269872156e-06
2,StellarWind,0.39743609725412854,0.052783370710295645,52,6.139576180333521e-05
2,StellarWind,0.39743609725412854,0.08432431082310657,1106,0.0013058406260478604
2,StellarWind,0.39743609725412854,0.13471268128780062,574,0.0006777147552906617
2,StellarWind,0.39743609725412854,0.21521084871737584,204,0.00024086029630539197
2,StellarWind,0.39743609725412854,0.3438110574512591,31,3.660131953660368e-05
2,StellarWind,0.39743609725412854,0.5492568982011975,3,3.5420631809616464e-06
2,StellarWind,0.39743609725412854,1.401802660133478,1,1.1806877269872156e-06
2,StellarWind,0.4230771143922507,0.052783370710295645,22,2.5975129993718743e-05
2,StellarWind,0.4230771143922507,0.08432431082310657,850,0.001003584567939133
2,StellarWind,0.4230771143922507,0.13471268128780062,555,0.0006552816884779046
2,StellarWind,0.4230771143922507,0.21521084871737584,209,0.00024676373494032805
2,StellarWind,0.4230771143922507,0.3438110574512591,51,6.0215074076347993e-05
2,StellarWind,0.4230771143922507,0.5492568982011975,6,7.084126361923293e-06
2,StellarWind,0.4230771143922507,0.8774678233388973,2,2.361375453974431e-06
2,StellarWind,0.448718131530373,0.052783370710295645,1,1.1806877269872156e-06
2,StellarWind,0.448718131530373,0.08432431082310657,654,0.0007721697734496389
2,StellarWind,0.448718131530373,0.13471268128780062,622,0.0007343877661860481
2,StellarWind,0.448718131530373,0.21521084871737584,244,0.0002880878053848806
2,StellarWind,0.448718131530373,0.3438110574512591,56,6.611851271128407e-05
2,StellarWind,0.448718131530373,0.5492568982011975,3,3.5420631809616464e-06
2,StellarWind,0.47435914866849516,0.052783370710295645,2,2.361375453974431e-06
2,StellarWind,0.47435914866849516,0.08432431082310657,471,0.0005561039194109785
2,StellarWind,0.47435914866849516,0.13471268128780062,632,0.0007461946434559202
2,StellarWind,0.47435914866849516,0.21521084871737584,245,0.0002892684931118678
2,StellarWind,0.47435914866849516,0.3438110574512591,42,4.958888453346305e-05
2,StellarWind,0.47435914866849516,0.5492568982011975,8,9.445501815897724e-06
2,StellarWind,0.47435914866849516,0.8774678233388973,4,4.722750907948862e-06
2,StellarWind,0.5000001658066174,0.052783370710295645,3,3.5420631809616464e-06
2,StellarWind,0.5000001658066174,0.08432431082310657,270,0.0003187856862865482
2,StellarWind,0.5000001658066174,0.13471268128780062,667,0.0007875187139004728
2,StellarWind,0.5000001658066174,0.21521084871737584,291,0.0003435801285532797
2,StellarWind,0.5000001658066174,0.3438110574512591,67,7.910607770814344e-05
2,StellarWind,0.5000001658066174,0.5492568982011975,8,9.445501815897724e-06
2,StellarWind,0.5256411829447396,0.08432431082310657,144,0.00017001903268615902
2,StellarWind,0.5256411829447396,0.13471268128780062,653,0.0007709890857226518
2,StellarWind,0.5256411829447396,0.21521084871737584,276,0.00032586981264847147
2,StellarWind,0.5256411829447396,0.3438110574512591,80,9.445501815897724e-05
2,StellarWind,0.5256411829447396,0.5492568982011975,14,1.6529628177821016e-05
2,StellarWind,0.5256411829447396,0.8774678233388973,2,2.361375453974431e-06
2,StellarWind,0.5256411829447396,1.401802660133478,2,2.361375453974431e-06
2,StellarWind,0.5512822000828619,0.08432431082310657,41,4.8408196806475835e-05
2,StellarWind,0.5512822000828619,0.13471268128780062,656,0.0007745311489036134
2,StellarWind,0.5512822000828619,0.21521084871737584,331,0.0003908076376327683
2,StellarWind,0.5512822000828619,0.3438110574512591,69,8.146745316211787e-05
2,StellarWind,0.5512822000828619,0.5492568982011975,19,2.2433066812757096e-05
2,StellarWind,0.5512822000828619,0.8774678233388973,3,3.5420631809616464e-06
2,StellarWind,0.5512822000828619,5.7154959253626485,1,1.1806877269872156e-06
2,StellarWind,0.5769232172209842,0.08432431082310657,11,1.2987564996859371e-05
2,StellarWind,0.5769232172209842,0.13471268128780062,533,0.0006293065584841859
2,StellarWind,0.5769232172209842,0.21521084871737584,325,0.00038372351127084504
2,StellarWind,0.5769232172209842,0.3438110574512591,106,0.00012515289906064484
2,StellarWind,0.5769232172209842,0.5492568982011975,14,1.6529628177821016e-05
2,StellarWind,0.5769232172209842,1.401802660133478,2,2.361375453974431e-06
2,StellarWind,0.5769232172209842,3.5776531972430146,1,1.1806877269872156e-06
2,StellarWind,0.5769232172209842,5.7154959253626485,1,1.1806877269872156e-06
2,StellarWind,0.6025642343591063,0.08432431082310657,1,1.1806877269872156e-06
2,StellarWind,0.6025642343591063,0.13471268128780062,435,0.0005135991612394388
2,StellarWind,0.6025642343591063,0.21521084871737584,366,0.0004321317080773209
2,StellarWind,0.6025642343591063,0.3438110574512591,99,0.00011688808497173433
2,StellarWind,0.6025642343591063,0.5492568982011975,14,1.6529628177821016e-05
2,StellarWind,0.6025642343591063,0.8774678233388973,1,1.1806877269872156e-06
2,StellarWind,0.6025642343591063,2.2394561323969477,1,1.1806877269872156e-06
2,StellarWind,0.6282052514972285,0.08432431082310657,1,1.1806877269872156e-06
2,StellarWind,0.6282052514972285,0.13471268128780062,333,0.00039316901308674275
2,StellarWind,0.6282052514972285,0.21521084871737584,365,0.00043095102035033367
2,StellarWind,0.6282052514972285,0.3438110574512591,119,0.00014050183951147863
2,StellarWind,0.6282052514972285,0.5492568982011975,20,2.361375453974431e-05
2,StellarWind,0.6282052514972285,1.401802660133478,2,2.361375453974431e-06
2,StellarWind,0.6538462686353508,0.13471268128780062,259,0.0003057981212896888
2,StellarWind,0.6538462686353508,0.21521084871737584,373,0.0004403965221662314
2,StellarWind,0.6538462686353508,0.3438110574512591,137,0.00016175421859724852
2,StellarWind,0.6538462686353508,0.5492568982011975,24,2.833650544769317e-05
2,StellarWind,0.6538462686353508,1.401802660133478,2,2.361375453974431e-06
2,StellarWind,0.6794872857734731,0.13471268128780062,176,0.00020780103994974994
2,StellarWind,0.6794872857734731,0.21521084871737584,368,0.0004344930835312953
2,StellarWind,0.6794872857734731,0.3438110574512591,164,0.00019363278722590334
2,StellarWind,0.6794872857734731,0.5492568982011975,19,2.2433066812757096e-05
2,StellarWind,0.6794872857734731,0.8774678233388973,3,3.5420631809616464e-06
2,StellarWind,0.6794872857734731,1.401802660133478,1,1.1806877269872156e-06
2,StellarWind,0.6794872857734731,2.2394561323969477,1,1.1806877269872156e-06
2,StellarWind,0.7051283029115952,0.08432431082310657,1,1.1806877269872156e-06
2,StellarWind,0.7051283029115952,0.13471268128780062,109,0.0001286949622416065
2,StellarWind,0.7051283029115952,0.21521084871737584,400,0.00047227509079488623
2,StellarWind,0.7051283029115952,0.3438110574512591,175,0.00020662035222276273
2,StellarWind,0.7051283029115952,0.5492568982011975,32,3.77820072635909e-05
2,StellarWind,0.7051283029115952,1.401802660133478,1,1.1806877269872156e-06
2,StellarWind,0.7051283029115952,2.2394561323969477,1,1.1806877269872156e-06
2,StellarWind,0.7051283029115952,3.5776531972430146,1,1.1806877269872156e-06
2,StellarWind,0.7307693200497174,0.13471268128780062,53,6.257644953032242e-05
2,StellarWind,0.7307693200497174,0.21521084871737584,365,0.00043095102035033367
2,StellarWind,0.7307693200497174,0.3438110574512591,189,0.00022314998040058373
2,StellarWind,0.7307693200497174,0.5492568982011975,41,4.8408196806475835e-05
2,StellarWind,0.7307693200497174,0.8774678233388973,4,4.722750907948862e-06
2,StellarWind,0.7564103371878397,0.13471268128780062,16,1.889100363179545e-05
2,StellarWind,0.7564103371878397,0.21521084871737584,378,0.00044629996080116746
2,StellarWind,0.7564103371878397,0.3438110574512591,168,0.0001983555381338522
2,StellarWind,0.7564103371878397,0.5492568982011975,34,4.014338271756533e-05
2,StellarWind,0.7564103371878397,0.8774678233388973,3,3.5420631809616464e-06
2,StellarWind,0.7564103371878397,1.401802660133478,1,1.1806877269872156e-06
2,StellarWind,0.782051354325962,0.08432431082310657,1,1.1806877269872156e-06
2,StellarWind,0.782051354325962,0.13471268128780062,7,8.264814088910508e-06
2,StellarWind,0.782051354325962,0.21521084871737584,342,0.0004037952026296277
2,StellarWind,0.782051354325962,0.3438110574512591,221,0.0002609319876641746
2,StellarWind,0.782051354325962,0.5492568982011975,51,6.0215074076347993e-05
2,StellarWind,0.782051354325962,0.8774678233388973,4,4.722750907948862e-06
2,StellarWind,0.8076923714640841,0.13471268128780062,4,4.722750907948862e-06
2,StellarWind,0.8076923714640841,0.21521084871737584,261,0.00030815949674366325
2,StellarWind,0.8076923714640841,0.3438110574512591,246,0.00029044918083885504
2,StellarWind,0.8076923714640841,0.5492568982011975,58,6.84798881652585e-05
2,StellarWind,0.8076923714640841,0.8774678233388973,2,2.361375453974431e-06
2,StellarWind,0.8333333886022064,0.13471268128780062,2,2.361375453974431e-06
2,StellarWind,0.8333333886022064,0.21521084871737584,256,0.0003022560581087272
2,StellarWind,0.8333333886022064,0.3438110574512591,229,0.00027037748948007234
2,StellarWind,0.8333333886022064,0.5492568982011975,61,7.202195134622015e-05
2,StellarWind,0.8333333886022064,0.8774678233388973,5,5.9034386349360776e-06
2,StellarWind,0.8589744057403286,0.13471268128780062,1,1.1806877269872156e-06
2,StellarWind,0.8589744057403286,0.21521084871737584,189,0.00022314998040058373
2,StellarWind,0.8589744057403286,0.3438110574512591,248,0.00029281055629282947
2,StellarWind,0.8589744057403286,0.5492568982011975,63,7.438332680019458e-05
2,StellarWind,0.8589744057403286,0.8774678233388973,7,8.264814088910508e-06
2,StellarWind,0.8589744057403286,3.5776531972430146,2,2.361375453974431e-06
2,StellarWind,0.8589744057403286,5.7154959253626485,1,1.1806877269872156e-06
2,StellarWind,0.8846154228784509,0.21521084871737584,136,0.0001605735308702613
2,StellarWind,0.8846154228784509,0.3438110574512591,275,0.00032468912492148426
2,StellarWind,0.8846154228784509,0.5492568982011975,75,8.855157952404117e-05
2,StellarWind,0.8846154228784509,0.8774678233388973,9,1.0626189542884939e-05
2,StellarWind,0.8846154228784509,2.2394561323969477,2,2.361375453974431e-06
2,StellarWind,0.9102564400165731,0.13471268128780062,1,1.1806877269872156e-06
2,StellarWind,0.9102564400165731,0.21521084871737584,72,8.500951634307951e-05
2,StellarWind,0.9102564400165731,0.3438110574512591,292,0.0003447608162802669
2,StellarWind,0.9102564400165731,0.5492568982011975,103,0.0001216108358796832
2,StellarWind,0.9102564400165731,0.8774678233388973,6,7.084126361923293e-06
2,StellarWind,0.9102564400165731,1.401802660133478,1,1.1806877269872156e-06
2,StellarWind,0.9102564400165731,2.2394561323969477,2,2.361375453974431e-06
2,StellarWind,0.9358974571546953,0.21521084871737584,35,4.132407044455254e-05
2,StellarWind,0.9358974571546953,0.3438110574512591,330,0.0003896269499057811
2,StellarWind,0.9358974571546953,0.5492568982011975,148,0.0001747417835941079
2,StellarWind,0.9358974571546953,0.8774678233388973,12,1.4168252723846586e-05
2,StellarWind,0.9358974571546953,1.401802660133478,1,1.1806877269872156e-06
2,StellarWind,0.9358974571546953,2.2394561323969477,1,1.1806877269872156e-06
2,StellarWind,0.9358974571546953,3.5776531972430146,2,2.361375453974431e-06
2,StellarWind,0.9615384742928175,0.21521084871737584,5,5.9034386349360776e-06
2,StellarWind,0.9615384742928175,0.3438110574512591,369,0.00043567377125828253
2,StellarWind,0.9615384742928175,0.5492568982011975,182,0.00021488516631167323
2,StellarWind,0.9615384742928175,0.8774678233388973,25,2.951719317468039e-05
2,StellarWind,0.9615384742928175,3.5776531972430146,1,1.1806877269872156e-06
2,StellarWind,0.9615384742928175,5.7154959253626485,1,1.1806877269872156e-06
2,StellarWind,0.9871794914309397,0.033040106658980835,4181,0.004936455386533548
2,StellarWind,0.9871794914309397,0.052783370710295645,3561,0.004204428995801475
2,StellarWind,0.9871794914309397,0.08432431082310657,664,0.0007839766507195111
2,StellarWind,0.9871794914309397,0.13471268128780062,328,0.0003872655744518067
2,StellarWind,0.9871794914309397,0.21521084871737584,625,0.0007379298293670097
2,StellarWind,0.9871794914309397,0.3438110574512591,879,0.0010378245120217624
2,StellarWind,0.9871794914309397,0.5492568982011975,1221,0.00144161971465139
2,StellarWind,0.9871794914309397,0.8774678233388973,248,0.00029281055629282947
2,StellarWind,0.9871794914309397,1.401802660133478,58,6.84798881652585e-05
2,StellarWind,0.9871794914309397,2.2394561323969477,53,6.257644953032242e-05
2,StellarWind,0.9871794914309397,3.5776531972430146,25,2.951719317468039e-05
2,StellarWind,0.9871794914309397,5.7154959253626485,24,2.833650544769317e-05
2,StellarWind,0.9871794914309397,9.130816172459244,8,9.445501815897724e-06
3,WindAGN,0.012820840182295097,1.1041205241764472e-06,41,4.98115059719136e-05
3,WindAGN,0.012820840182295097,1.7638926998018652e-06,240,0.00029157954715266495
3,WindAGN,0.012820840182295097,2.817914700693581e-06,499,0.0006062424751215826
3,WindAGN,0.012820840182295097,4.501772279729351e-06,285,0.00034625071224378965
3,WindAGN,0.012820840182295097,7.191826513964913e-06,164,0.0001992460238876544
3,WindAGN,0.012820840182295097,1.148933473153783e-05,511,0.0006208214524792158
3,WindAGN,0.012820840182295097,1.8354838276062098e-05,1735,0.0021078771429578072
3,WindAGN,0.012820840182295097,2.9322854282904214e-05,5757,0.006994264387324551
3,WindAGN,0.012820840182295097,4.684485749012575e-05,13831,0.01680348631945212
3,WindAGN,0.012820840182295097,7.483721237020207e-05,27296,0.03316231382949643
3,WindAGN,0.012820840182295097,0.00011955652456672016,43534,0.05289010002393382
3,WindAGN,0.012820840182295097,0.00019099806251153347,59510,0.07229957854606289
3,WindAGN,0.012820840182295097,0.00030512981215677056,72690,0.0883121553438634
3,WindAGN,0.012820840182295097,0.00048746150114064066,79545,0.0966403961594114
3,WindAGN,0.012820840182295097,0.0007787463093648891,80688,0.09802904375272596
3,WindAGN,0.012820840182295097,0.0012440896623228223,75470,0.09168961843171511
3,WindAGN,0.012820840182295097,0.0019875010247699244,65764,0.07989765557894941
3,WindAGN,0.012820840182295097,0.003175141184025442,52233,0.06345864369343812
3,WindAGN,0.012820840182295097,0.005072461051768028,30683,0.037277230188688414
3,WindAGN,0.012820840182295097,0.008103532923560688,8940,0.010861338131436771
3,WindAGN,0.012820840182295097,0.012945835398843203,1387,0.001685086799586443
3,WindAGN,0.012820840182295097,0.020681677455356196,384,0.00046652727544426397
3,WindAGN,0.012820840182295097,0.033040106658980835,180,0.00021868466036449873
3,WindAGN,0.012820840182295097,0.052783370710295645,95,0.00011541690408126322
3,WindAGN,0.012820840182295097,0.08432431082310657,54,6.560539810934962e-05
3,WindAGN,0.012820840182295097,0.13471268128780062,34,4.13071025132942e-05
3,WindAGN,0.012820840182295097,0.21521084871737584,4,4.859659119211083e-06
3,WindAGN,0.012820840182295097,0.3438110574512591,4,4.859659119211083e-06
3,WindAGN,0.03846185732041733,0.0012440896623228223,7,8.504403458619395e-06
3,WindAGN,0.03846185732041733,0.0019875010247699244,145,0.00017616264307140176
3,WindAGN,0.03846185732041733,0.003175141184025442,3166,0.0038464201928555724
3,WindAGN,0.03846185732041733,0.005072461051768028,16171,0.019646386904190606
3,WindAGN,0.03846185732041733,0.008103532923560688,24213,0.02941673156336449
3,WindAGN,0.03846185732041733,0.012945835398843203,12140,0.014749065426805636
3,WindAGN,0.03846185732041733,0.020681677455356196,3004,0.003649603998527523
3,WindAGN,0.03846185732041733,0.033040106658980835,631,0.0007666112260555484
3,WindAGN,0.03846185732041733,0.052783370710295645,144,0.000174947728291599
3,WindAGN,0.03846185732041733,0.08432431082310657,41,4.98115059719136e-05
3,WindAGN,0.03846185732041733,0.13471268128780062,11,1.3364062577830478e-05
3,WindAGN,0.03846185732041733,0.21521084871737584,3,3.6447443394083123e-06
3,WindAGN,0.03846185732041733,0.3438110574512591,2,2.4298295596055415e-06
3,WindAGN,0.06410287445853956,0.003175141184025442,8,9.719318238422166e-06
3,WindAGN,0.06410287445853956,0.005072461051768028,655,0.0007957691807708149
3,WindAGN,0.06410287445853956,0.008103532923560688,7814,0.00949334408937885
3,WindAGN,0.06410287445853956,0.012945835398843203,13123,0.01594332665535176
3,WindAGN,0.06410287445853956,0.020681677455356196,7077,0.008597951896664208
3,WindAGN,0.06410287445853956,0.033040106658980835,2037,0.002474781406458244
3,WindAGN,0.06410287445853956,0.052783370710295645,497,0.000603812645561977
3,WindAGN,0.06410287445853956,0.08432431082310657,126,0.0001530792622551491
3,WindAGN,0.06410287445853956,0.13471268128780062,23,2.7943039935463726e-05
3,WindAGN,0.06410287445853956,0.21521084871737584,1,1.2149147798027708e-06
3,WindAGN,0.06410287445853956,0.3438110574512591,1,1.2149147798027708e-06
3,WindAGN,0.06410287445853956,0.5492568982011975,1,1.2149147798027708e-06
3,WindAGN,0.06410287445853956,0.8774678233388973,1,1.2149147798027708e-06
3,WindAGN,0.08974389159666178,0.005072461051768028,3,3.6447443394083123e-06
3,WindAGN,0.08974389159666178,0.008103532923560688,717,0.0008710938971185866
3,WindAGN,0.08974389159666178,0.012945835398843203,6825,0.00829179337215391
3,WindAGN,0.08974389159666178,0.020681677455356196,7866,0.009556519657928595
3,WindAGN,0.08974389159666178,0.033040106658980835,3383,0.004110056700072773
3,WindAGN,0.08974389159666178,0.052783370710295645,1010,0.0012270639276007985
3,WindAGN,0.08974389159666178,0.08432431082310657,284,0.0003450357974639869
3,WindAGN,0.08974389159666178,0.13471268128780062,74,8.990369370540503e-05
3,WindAGN,0.08974389159666178,0.21521084871737584,4,4.859659119211083e-06
3,WindAGN,0.08974389159666178,0.3438110574512591,1,1.2149147798027708e-06
3,WindAGN,0.11538490873478402,0.008103532923560688,17,2.06535512566471e-05
3,WindAGN,0.11538490873478402,0.012945835398843203,1654,0.0020094690457937827
3,WindAGN,0.11538490873478402,0.020681677455356196,6370,0.0077390071473436494
3,WindAGN,0.11538490873478402,0.033040106658980835,4079,0.004955637386815502
3,WindAGN,0.11538490873478402,0.052783370710295645,1497,0.0018187274253647478
3,WindAGN,0.11538490873478402,0.08432431082310657,454,0.000551571310030458
3,WindAGN,0.11538490873478402,0.13471268128780062,125,0.00015186434747534633
3,WindAGN,0.11538490873478402,0.21521084871737584,13,1.5793892137436018e-05
3,WindAGN,0.11538490873478402,0.3438110574512591,1,1.2149147798027708e-06
3,WindAGN,0.14102592587290624,0.008103532923560688,2,2.4298295596055415e-06
3,WindAGN,0.14102592587290624,0.012945835398843203,129,0.00015672400659455743
3,WindAGN,0.14102592587290624,0.020681677455356196,3438,0.004176877012961926
3,WindAGN,0.14102592587290624,0.033040106658980835,4156,0.005049185824860315
3,WindAGN,0.14102592587290624,0.052783370710295645,1807,0.0021953510071036067
3,WindAGN,0.14102592587290624,0.08432431082310657,635,0.0007714708851747595
3,WindAGN,0.14102592587290624,0.13471268128780062,182,0.00022111448992410428
3,WindAGN,0.14102592587290624,0.21521084871737584,27,3.280269905467481e-05
3,WindAGN,0.14102592587290624,0.3438110574512591,3,3.6447443394083123e-06
3,WindAGN,0.16666694301102847,0.012945835398843203,6,7.2894886788166245e-06
3,WindAGN,0.16666694301102847,0.020681677455356196,1162,0.0014117309741308196
3,WindAGN,0.16666694301102847,0.033040106658980835,3825,0.004647049032745598
3,WindAGN,0.16666694301102847,0.052783370710295645,1899,0.002307123166845462
3,WindAGN,0.16666694301102847,0.08432431082310657,796,0.0009670721647230056
3,WindAGN,0.16666694301102847,0.13471268128780062,257,0.0003122330984093121
3,WindAGN,0.16666694301102847,0.21521084871737584,52,6.317556854974407e-05
3,WindAGN,0.16666694301102847,0.3438110574512591,7,8.504403458619395e-06
3,WindAGN,0.16666694301102847,1.401802660133478,1,1.2149147798027708e-06
3,WindAGN,0.1923079601491507,0.012945835398843203,3,3.6447443394083123e-06
3,WindAGN,0.1923079601491507,0.020681677455356196,188,0.0002284039786029209
3,WindAGN,0.1923079601491507,0.033040106658980835,2785,0.0033835376617507166
3,WindAGN,0.1923079601491507,0.052783370710295645,2040,0.0024784261507976523
3,WindAGN,0.1923079601491507,0.08432431082310657,882,0.0010715548357860438
3,WindAGN,0.1923079601491507,0.13471268128780062,294,0.0003571849452620146
3,WindAGN,0.1923079601491507,0.21521084871737584,66,8.018437546698287e-05
3,WindAGN,0.1923079601491507,0.3438110574512591,9,1.0934233018224937e-05
3,WindAGN,0.1923079601491507,0.5492568982011975,1,1.2149147798027708e-06
3,WindAGN,0.21794897728727292,0.012945835398843203,1,1.2149147798027708e-06
3,WindAGN,0.21794897728727292,0.020681677455356196,10,1.2149147798027708e-05
3,WindAGN,0.21794897728727292,0.033040106658980835,1631,0.001981526005858319
3,WindAGN,0.21794897728727292,0.052783370710295645,2139,0.0025987027139981267
3,WindAGN,0.21794897728727292,0.08432431082310657,937,0.0011383751486751961
3,WindAGN,0.21794897728727292,0.13471268128780062,379,0.0004604527015452501
3,WindAGN,0.21794897728727292,0.21521084871737584,83,0.00010083792672362997
3,WindAGN,0.21794897728727292,0.3438110574512591,7,8.504403458619395e-06
3,WindAGN,0.24358999442539514,0.020681677455356196,3,3.6447443394083123e-06
3,WindAGN,0.24358999442539514,0.033040106658980835,697,0.0008467956015225312
3,WindAGN,0.24358999442539514,0.052783370710295645,1994,0.002422540070926725
3,WindAGN,0.24358999442539514,0.08432431082310657,1033,0.0012550069675362622
3,WindAGN,0.24358999442539514,0.13471268128780062,385,0.00046774219022406675
3,WindAGN,0.24358999442539514,0.21521084871737584,110,0.00013364062577830477
3,WindAGN,0.24358999442539514,0.3438110574512591,12,1.4578977357633249e-05
3,WindAGN,0.24358999442539514,0.5492568982011975,2,2.4298295596055415e-06
3,WindAGN,0.26923101156351736,0.033040106658980835,154,0.0001870968760896267
3,WindAGN,0.26923101156351736,0.052783370710295645,1802,0.002189276433204593
3,WindAGN,0.26923101156351736,0.08432431082310657,1061,0.0012890245813707397
3,WindAGN,0.26923101156351736,0.13471268128780062,476,0.0005782994351861189
3,WindAGN,0.26923101156351736,0.21521084871737584,145,0.00017616264307140176
3,WindAGN,0.26923101156351736,0.3438110574512591,22,2.6728125155660957e-05
3,WindAGN,0.26923101156351736,0.5492568982011975,1,1.2149147798027708e-06
3,WindAGN,0.29487202870163964,0.033040106658980835,22,2.6728125155660957e-05
3,WindAGN,0.29487202870163964,0.052783370710295645,1385,0.0016826569700268375
3,WindAGN,0.29487202870163964,0.08432431082310657,1048,0.0012732306892333037
3,WindAGN,0.29487202870163964,0.13471268128780062,485,0.0005892336682043438
3,WindAGN,0.29487202870163964,0.21521084871737584,155,0.00018831179086942947
3,WindAGN,0.29487202870163964,0.3438110574512591,26,3.1587784274872036e-05
3,WindAGN,0.3205130458397618,0.020681677455356196,1,1.2149147798027708e-06
3,WindAGN,0.3205130458397618,0.033040106658980835,7,8.504403458619395e-06
3,WindAGN,0.3205130458397618,0.052783370710295645,901,0.0010946382166022964
3,WindAGN,0.3205130458397618,0.08432431082310657,1104,0.0013412659169022589
3,WindAGN,0.3205130458397618,0.13471268128780062,506,0.000614746878580202
3,WindAGN,0.3205130458397618,0.21521084871737584,185,0.00022475923426351258
3,WindAGN,0.3205130458397618,0.3438110574512591,40,4.859659119211083e-05
3,WindAGN,0.3205130458397618,0.5492568982011975,3,3.6447443394083123e-06
3,WindAGN,0.3205130458397618,0.8774678233388973,2,2.4298295596055415e-06
3,WindAGN,0.3461540629778841,0.033040106658980835,2,2.4298295596055415e-06
3,WindAGN,0.3461540629778841,0.052783370710295645,469,0.0005697950317274994
3,WindAGN,0.3461540629778841,0.08432431082310657,1084,0.0013169676213062034
3,WindAGN,0.3461540629778841,0.13471268128780062,511,0.0006208214524792158
3,WindAGN,0.3461540629778841,0.21521084871737584,228,0.00027700056979503175
3,WindAGN,0.3461540629778841,0.3438110574512591,29,3.523252861428035e-05
3,WindAGN,0.3461540629778841,0.8774678233388973,1,1.2149147798027708e-06
3,WindAGN,0.37179508011600626,0.052783370710295645,214,0.00025999176287779294
3,WindAGN,0.37179508011600626,0.08432431082310657,1071,0.0013011737291687676
3,WindAGN,0.37179508011600626,0.13471268128780062,551,0.0006694180436713267
3,WindAGN,0.37179508011600626,0.21521084871737584,233,0.0002830751436940456
3,WindAGN,0.37179508011600626,0.3438110574512591,48,5.8315909430532996e-05
3,WindAGN,0.37179508011600626,0.5492568982011975,2,2.4298295596055415e-06
3,WindAGN,0.37179508011600626,0.8774678233388973,1,1.2149147798027708e-06
3,WindAGN,0.39743609725412854,0.052783370710295645,63,7.653963112757455e-05
3,WindAGN,0.39743609725412854,0.08432431082310657,957,0.0011626734442712516
3,WindAGN,0.39743609725412854,0.13471268128780062,566,0.0006876417653683682
3,WindAGN,0.39743609725412854,0.21521084871737584,240,0.00029157954715266495
3,WindAGN,0.39743609725412854,0.3438110574512591,65,7.89694606871801e-05
3,WindAGN,0.39743609725412854,0.5492568982011975,5,6.074573899013854e-06
3,WindAGN,0.39743609725412854,0.8774678233388973,1,1.2149147798027708e-06
3,WindAGN,0.39743609725412854,3.5776531972430146,1,1.2149147798027708e-06
3,WindAGN,0.4230771143922507,0.052783370710295645,15,1.822372169704156e-05
3,WindAGN,0.4230771143922507,0.08432431082310657,798,0.000969501994282611
3,WindAGN,0.4230771143922507,0.13471268128780062,583,0.0007082953166250153
3,WindAGN,0.4230771143922507,0.21521084871737584,253,0.000307373439290101
3,WindAGN,0.4230771143922507,0.3438110574512591,64,7.775454590737733e-05
3,WindAGN,0.4230771143922507,0.5492568982011975,4,4.859659119211083e-06
3,WindAGN,0.4230771143922507,0.8774678233388973,1,1.2149147798027708e-06
3,WindAGN,0.4230771143922507,1.401802660133478,1,1.2149147798027708e-06
3,WindAGN,0.448718131530373,0.052783370710295645,3,3.6447443394083123e-06
3,WindAGN,0.448718131530373,0.08432431082310657,596,0.0007240892087624514
3,WindAGN,0.448718131530373,0.13471268128780062,581,0.0007058654870654098
3,WindAGN,0.448718131530373,0.21521084871737584,262,0.0003183076723083259
3,WindAGN,0.448718131530373,0.3438110574512591,72,8.74738641457995e-05
3,WindAGN,0.448718131530373,0.5492568982011975,10,1.2149147798027708e-05
3,WindAGN,0.47435914866849516,0.052783370710295645,2,2.4298295596055415e-06
3,WindAGN,0.47435914866849516,0.08432431082310657,431,0.0005236282700949942
3,WindAGN,0.47435914866849516,0.13471268128780062,554,0.000673062788010735
3,WindAGN,0.47435914866849516,0.21521084871737584,283,0.0003438208826841841
3,WindAGN,0.47435914866849516,0.3438110574512591,88,0.00010691250062264383
3,WindAGN,0.47435914866849516,0.5492568982011975,5,6.074573899013854e-06
3,WindAGN,0.47435914866849516,0.8774678233388973,2,2.4298295596055415e-06
3,WindAGN,0.47435914866849516,1.401802660133478,1,1.2149147798027708e-06
3,WindAGN,0.47435914866849516,3.5776531972430146,1,1.2149147798027708e-06
3,WindAGN,0.5000001658066174,0.08432431082310657,265,0.00032195241664773424
3,WindAGN,0.5000001658066174,0.13471268128780062,604,0.0007338085270008736
3,WindAGN,0.5000001658066174,0.21521084871737584,310,0.00037662358173885894
3,WindAGN,0.5000001658066174,0.3438110574512591,87,0.00010569758584284105
3,WindAGN,0.5000001658066174,0.5492568982011975,7,8.504403458619395e-06
3,WindAGN,0.5000001658066174,0.8774678233388973,1,1.2149147798027708e-06
3,WindAGN,0.5256411829447396,0.08432431082310657,128,0.00015550909181475466
3,WindAGN,0.5256411829447396,0.13471268128780062,615,0.000747172589578704
3,WindAGN,0.5256411829447396,0.21521084871737584,297,0.0003608296896014229
3,WindAGN,0.5256411829447396,0.3438110574512591,80,9.719318238422166e-05
3,WindAGN,0.5256411829447396,0.5492568982011975,12,1.4578977357633249e-05
3,WindAGN,0.5256411829447396,1.401802660133478,1,1.2149147798027708e-06
3,WindAGN,0.5512822000828619,0.08432431082310657,33,4.009218773349143e-05
3,WindAGN,0.5512822000828619,0.13471268128780062,531,0.0006451197480752713
3,WindAGN,0.5512822000828619,0.21521084871737584,324,0.00039363238865609774
3,WindAGN,0.5512822000828619,0.3438110574512591,96,0.00011663181886106599
3,WindAGN,0.5512822000828619,0.5492568982011975,12,1.4578977357633249e-05
3,WindAGN,0.5512822000828619,0.8774678233388973,1,1.2149147798027708e-06
3,WindAGN,0.5512822000828619,9.130816172459244,1,1.2149147798027708e-06
3,WindAGN,0.5769232172209842,0.08432431082310657,12,1.4578977357633249e-05
3,WindAGN,0.5769232172209842,0.13471268128780062,513,0.0006232512820388213
3,WindAGN,0.5769232172209842,0.21521084871737584,352,0.0004276500024905753
3,WindAGN,0.5769232172209842,0.3438110574512591,111,0.00013485554055810755
3,WindAGN,0.5769232172209842,0.5492568982011975,17,2.06535512566471e-05
3,WindAGN,0.5769232172209842,0.8774678233388973,1,1.2149147798027708e-06
3,WindAGN,0.6025642343591063,0.08432431082310657,4,4.859659119211083e-06
3,WindAGN,0.6025642343591063,0.13471268128780062,395,0.00047989133802209445
3,WindAGN,0.6025642343591063,0.21521084871737584,324,0.00039363238865609774
3,WindAGN,0.6025642343591063,0.3438110574512591,136,0.0001652284100531768
3,WindAGN,0.6025642343591063,0.5492568982011975,16,1.9438636476844332e-05
3,WindAGN,0.6025642343591063,1.401802660133478,1,1.2149147798027708e-06
3,WindAGN,0.6025642343591063,5.7154959253626485,1,1.2149147798027708e-06
3,WindAGN,0.6282052514972285,0.08432431082310657,1,1.2149147798027708e-06
3,WindAGN,0.6282052514972285,0.13471268128780062,327,0.000397277132995506
3,WindAGN,0.6282052514972285,0.21521084871737584,321,0.0003899876443166894
3,WindAGN,0.6282052514972285,0.3438110574512591,120,0.00014578977357633248
3,WindAGN,0.6282052514972285,0.5492568982011975,19,2.3083380816252643e-05
3,WindAGN,0.6282052514972285,1.401802660133478,1,1.2149147798027708e-06
3,WindAGN,0.6538462686353508,0.13471268128780062,216,0.0002624215924373985
3,WindAGN,0.6538462686353508,0.21521084871737584,318,0.0003863428999772811
3,WindAGN,0.6538462686353508,0.3438110574512591,166,0.00020167585344725995
3,WindAGN,0.6538462686353508,0.5492568982011975,20,2.4298295596055415e-05
3,WindAGN,0.6538462686353508,2.2394561323969477,1,1.2149147798027708e-06
3,WindAGN,0.6794872857734731,0.13471268128780062,173,0.00021018025690587933
3,WindAGN,0.6794872857734731,0.21521084871737584,368,0.0004470886389674196
3,WindAGN,0.6794872857734731,0.3438110574512591,153,0.00018588196130982392
3,WindAGN,0.6794872857734731,0.5492568982011975,22,2.6728125155660957e-05
3,WindAGN,0.6794872857734731,0.8774678233388973,1,1.2149147798027708e-06
3,WindAGN,0.6794872857734731,2.2394561323969477,1,1.2149147798027708e-06
3,WindAGN,0.7051283029115952,0.08432431082310657,1,1.2149147798027708e-06
3,WindAGN,0.7051283029115952,0.13471268128780062,112,0.00013607045533791032
3,WindAGN,0.7051283029115952,0.21521084871737584,338,0.0004106411955733365
3,WindAGN,0.7051283029115952,0.3438110574512591,176,0.00021382500124528765
3,WindAGN,0.7051283029115952,0.5492568982011975,49,5.9530824210335765e-05
3,WindAGN,0.7051283029115952,0.8774678233388973,1,1.2149147798027708e-06
3,WindAGN,0.7051283029115952,1.401802660133478,2,2.4298295596055415e-06
3,WindAGN,0.7307693200497174,0.13471268128780062,43,5.2241335531519144e-05
3,WindAGN,0.7307693200497174,0.21521084871737584,348,0.0004227903433713642
3,WindAGN,0.7307693200497174,0.3438110574512591,164,0.0001992460238876544
3,WindAGN,0.7307693200497174,0.5492568982011975,36,4.373693207289975e-05
3,WindAGN,0.7307693200497174,0.8774678233388973,1,1.2149147798027708e-06
3,WindAGN,0.7307693200497174,1.401802660133478,1,1.2149147798027708e-06
3,WindAGN,0.7307693200497174,2.2394561323969477,1,1.2149147798027708e-06
3,WindAGN,0.7307693200497174,3.5776531972430146,1,1.2149147798027708e-06
3,WindAGN,0.7564103371878397,0.13471268128780062,19,2.3083380816252643e-05
3,WindAGN,0.7564103371878397,0.21521084871737584,343,0.0004167157694723504
3,WindAGN,0.7564103371878397,0.3438110574512591,176,0.00021382500124528765
3,WindAGN,0.7564103371878397,0.5492568982011975,35,4.252201729309698e-05
3,WindAGN,0.7564103371878397,0.8774678233388973,1,1.2149147798027708e-06
3,WindAGN,0.782051354325962,0.13471268128780062,7,8.504403458619395e-06
3,WindAGN,0.782051354325962,0.21521084871737584,303,0.0003681191782802395
3,WindAGN,0.782051354325962,0.3438110574512591,210,0.00025513210375858184
3,WindAGN,0.782051354325962,0.5492568982011975,44,5.345625031132191e-05
3,WindAGN,0.782051354325962,0.8774678233388973,3,3.6447443394083123e-06
3,WindAGN,0.8076923714640841,0.13471268128780062,6,7.2894886788166245e-06
3,WindAGN,0.8076923714640841,0.21521084871737584,263,0.0003195225870881287
3,WindAGN,0.8076923714640841,0.3438110574512591,219,0.00026606633677680677
3,WindAGN,0.8076923714640841,0.5492568982011975,55,6.682031288915239e-05
3,WindAGN,0.8076923714640841,1.401802660133478,1,1.2149147798027708e-06
3,WindAGN,0.8333333886022064,0.13471268128780062,1,1.2149147798027708e-06
3,WindAGN,0.8333333886022064,0.21521084871737584,244,0.00029643920627187606
3,WindAGN,0.8333333886022064,0.3438110574512591,225,0.0002733558254556234
3,WindAGN,0.8333333886022064,0.5492568982011975,54,6.560539810934962e-05
3,WindAGN,0.8333333886022064,0.8774678233388973,2,2.4298295596055415e-06
3,WindAGN,0.8333333886022064,1.401802660133478,2,2.4298295596055415e-06
3,WindAGN,0.8333333886022064,2.2394561323969477,1,1.2149147798027708e-06
3,WindAGN,0.8589744057403286,0.13471268128780062,2,2.4298295596055415e-06
3,WindAGN,0.8589744057403286,0.21521084871737584,155,0.00018831179086942947
3,WindAGN,0.8589744057403286,0.3438110574512591,264,0.00032073750186793147
3,WindAGN,0.8589744057403286,0.5492568982011975,58,7.04650572285607e-05
3,WindAGN,0.8589744057403286,0.8774678233388973,6,7.2894886788166245e-06
3,WindAGN,0.8589744057403286,2.2394561323969477,3,3.6447443394083123e-06
3,WindAGN,0.8846154228784509,0.21521084871737584,123,0.0001494345179157408
3,WindAGN,0.8846154228784509,0.3438110574512591,267,0.0003243822462073398
3,WindAGN,0.8846154228784509,0.5492568982011975,79,9.597826760441888e-05
3,WindAGN,0.8846154228784509,0.8774678233388973,5,6.074573899013854e-06
3,WindAGN,0.8846154228784509,1.401802660133478,1,1.2149147798027708e-06
3,WindAGN,0.8846154228784509,2.2394561323969477,1,1.2149147798027708e-06
3,WindAGN,0.9102564400165731,0.21521084871737584,60,7.289488678816624e-05
3,WindAGN,0.9102564400165731,0.3438110574512591,297,0.0003608296896014229
3,WindAGN,0.9102564400165731,0.5492568982011975,95,0.00011541690408126322
3,WindAGN,0.9102564400165731,0.8774678233388973,8,9.719318238422166e-06
3,WindAGN,0.9358974571546953,0.21521084871737584,24,2.9157954715266498e-05
3,WindAGN,0.9358974571546953,0.3438110574512591,330,0.00040092187733491435
3,WindAGN,0.9358974571546953,0.5492568982011975,116,0.0001409301144571214
3,WindAGN,0.9358974571546953,0.8774678233388973,12,1.4578977357633249e-05
3,WindAGN,0.9358974571546953,1.401802660133478,1,1.2149147798027708e-06
3,WindAGN,0.9358974571546953,2.2394561323969477,2,2.4298295596055415e-06
3,WindAGN,0.9615384742928175,0.21521084871737584,7,8.504403458619395e-06
3,WindAGN,0.9615384742928175,0.3438110574512591,312,0.0003790534112984645
3,WindAGN,0.9615384742928175,0.5492568982011975,192,0.00023326363772213198
3,WindAGN,0.9615384742928175,0.8774678233388973,9,1.0934233018224937e-05
3,WindAGN,0.9615384742928175,2.2394561323969477,1,1.2149147798027708e-06
3,WindAGN,0.9871794914309397,0.033040106658980835,2565,0.003116256410194107
3,WindAGN,0.9871794914309397,0.052783370710295645,2233,0.002712904703299587
3,WindAGN,0.9871794914309397,0.08432431082310657,436,0.000529702843994008
3,WindAGN,0.9871794914309397,0.13471268128780062,236,0.0002867198880334539
3,WindAGN,0.9871794914309397,0.21521084871737584,516,0.0006268960263782297
3,WindAGN,0.9871794914309397,0.3438110574512591,728,0.0008844579596964171
3,WindAGN,0.9871794914309397,0.5492568982011975,1131,0.0013740686159569337
3,WindAGN,0.9871794914309397,0.8774678233388973,197,0.00023933821162114584
3,WindAGN,0.9871794914309397,1.401802660133478,34,4.13071025132942e-05
3,WindAGN,0.9871794914309397,2.2394561323969477,19,2.3083380816252643e-05
3,WindAGN,0.9871794914309397,3.5776531972430146,18,2.1868466036449874e-05
3,WindAGN,0.9871794914309397,5.7154959253626485,16,1.9438636476844332e-05
3,WindAGN,0.9871794914309397,9.130816172459244,5,6.074573899013854e-06
4,WindStrongAGN,0.012820840182295097,2.7080048837587234e-07,1,1.6336025510337436e-06
4,WindStrongAGN,0.012820840182295097,4.326185358299225e-07,5,8.168012755168719e-06
4,WindStrongAGN,0.012820840182295097,6.911316839423444e-07,12,1.9603230612404924e-05
4,WindStrongAGN,0.012820840182295097,1.1041205241764472e-06,29,4.737447397997857e-05
4,WindStrongAGN,0.012820840182295097,1.7638926998018652e-06,139,0.00022707075459369038
4,WindStrongAGN,0.012820840182295097,2.817914700693581e-06,323,0.0005276536239838992
4,WindStrongAGN,0.012820840182295097,4.501772279729351e-06,384,0.0006273033795969576
4,WindStrongAGN,0.012820840182295097,7.191826513964913e-06,480,0.000784129224496197
4,WindStrongAGN,0.012820840182295097,1.148933473153783e-05,975,0.0015927624872579
4,WindStrongAGN,0.012820840182295097,1.8354838276062098e-05,2051,0.0033505188321702084
4,WindStrongAGN,0.012820840182295097,2.9322854282904214e-05,4889,0.007986682872003973
4,WindStrongAGN,0.012820840182295097,4.684485749012575e-05,10246,0.01673789173789174
4,WindStrongAGN,0.012820840182295097,7.483721237020207e-05,19107,0.03121324394260174
4,WindStrongAGN,0.012820840182295097,0.00011955652456672016,30720,0.050184270367756606
4,WindStrongAGN,0.012820840182295097,0.00019099806251153347,42871,0.07003417496536762
4,WindStrongAGN,0.012820840182295097,0.00030512981215677056,52780,0.086221542643561
4,WindStrongAGN,0.012820840182295097,0.00048746150114064066,59025,0.09642339057476672
4,WindStrongAGN,0.012820840182295097,0.0007787463093648891,60894,0.09947659374264879
4,WindStrongAGN,0.012820840182295097,0.0012440896623228223,57971,0.09470157348597716
4,WindStrongAGN,0.012820840182295097,0.0019875010247699244,51732,0.08450952717007763
4,WindStrongAGN,0.012820840182295097,0.003175141184025442,42351,0.06918470163883007
4,WindStrongAGN,0.012820840182295097,0.005072461051768028,27648,0.04516584333098095
4,WindStrongAGN,0.012820840182295097,0.008103532923560688,12083,0.019738819624140726
4,WindStrongAGN,0.012820840182295097,0.012945835398843203,4622,0.007550510990877964
4,WindStrongAGN,0.012820840182295097,0.020681677455356196,1583,0.0025859928382864165
4,WindStrongAGN,0.012820840182295097,0.033040106658980835,384,0.0006273033795969576
4,WindStrongAGN,0.012820840182295097,0.052783370710295645,98,0.00016009305000130687
4,WindStrongAGN,0.012820840182295097,0.08432431082310657,28,4.5740871428944825e-05
4,WindStrongAGN,0.012820840182295097,0.13471268128780062,19,3.103844846964113e-05
4,WindStrongAGN,0.012820840182295097,0.21521084871737584,10,1.6336025510337438e-05
4,WindStrongAGN,0.012820840182295097,0.3438110574512591,5,8.168012755168719e-06
4,WindStrongAGN,0.012820840182295097,0.5492568982011975,1,1.6336025510337436e-06
4,WindStrongAGN,0.012820840182295097,1.401802660133478,2,3.2672051020674873e-06
4,WindStrongAGN,0.03846185732041733,0.0012440896623228223,3,4.900807653101231e-06
4,WindStrongAGN,0.03846185732041733,0.0019875010247699244,50,8.168012755168718e-05
4,WindStrongAGN,0.03846185732041733,0.003175141184025442,1629,0.0026611385556339685
4,WindStrongAGN,0.03846185732041733,0.005072461051768028,9500,0.015519224234820566
4,WindStrongAGN,0.03846185732041733,0.008103532923560688,15265,0.024936942941530097
4,WindStrongAGN,0.03846185732041733,0.012945835398843203,9727,0.015890052013905226
4,WindStrongAGN,0.03846185732041733,0.020681677455356196,4319,0.007055529417914739
4,WindStrongAGN,0.03846185732041733,0.033040106658980835,1595,0.002605596068898821
4,WindStrongAGN,0.03846185732041733,0.052783370710295645,428,0.0006991818918424423
4,WindStrongAGN,0.03846185732041733,0.08432431082310657,70,0.00011435217857236206
4,WindStrongAGN,0.03846185732041733,0.13471268128780062,5,8.168012755168719e-06
4,WindStrongAGN,0.03846185732041733,0.21521084871737584,3,4.900807653101231e-06
4,WindStrongAGN,0.03846185732041733,0.3438110574512591,1,1.6336025510337436e-06
4,WindStrongAGN,0.06410287445853956,0.003175141184025442,3,4.900807653101231e-06
4,WindStrongAGN,0.06410287445853956,0.005072461051768028,262,0.0004280038683708408
4,WindStrongAGN,0.06410287445853956,0.008103532923560688,4031,0.006585051883217021
4,WindStrongAGN,0.06410287445853956,0.012945835398843203,7335,0.01198247471183251
4,WindStrongAGN,0.06410287445853956,0.020681677455356196,4858,0.007936041192921926
4,WindStrongAGN,0.06410287445853956,0.033040106658980835,2293,0.0037458506495203743
4,WindStrongAGN,0.06410287445853956,0.052783370710295645,891,0.0014555398729710657
4,WindStrongAGN,0.06410287445853956,0.08432431082310657,158,0.0002581092030633315
4,WindStrongAGN,0.06410287445853956,0.13471268128780062,17,2.7771243367573644e-05
4,WindStrongAGN,0.06410287445853956,0.21521084871737584,5,8.168012755168719e-06
4,WindStrongAGN,0.06410287445853956,0.8774678233388973,1,1.6336025510337436e-06
4,WindStrongAGN,0.08974389159666178,0.005072461051768028,3,4.900807653101231e-06
4,WindStrongAGN,0.08974389159666178,0.008103532923560688,285,0.00046557672704461694
4,WindStrongAGN,0.08974389159666178,0.012945835398843203,3580,0.005848297132700802
4,WindStrongAGN,0.08974389159666178,0.020681677455356196,4442,0.007256462531691889
4,WindStrongAGN,0.08974389159666178,0.033040106658980835,2453,0.004007227057685773
4,WindStrongAGN,0.08974389159666178,0.052783370710295645,1038,0.001695679447973026
4,WindStrongAGN,0.08974389159666178,0.08432431082310657,286,0.0004672103295956507
4,WindStrongAGN,0.08974389159666178,0.13471268128780062,43,7.024490969445098e-05
4,WindStrongAGN,0.08974389159666178,0.21521084871737584,6,9.801615306202462e-06
4,WindStrongAGN,0.08974389159666178,0.3438110574512591,1,1.6336025510337436e-06
4,WindStrongAGN,0.08974389159666178,0.5492568982011975,2,3.2672051020674873e-06
4,WindStrongAGN,0.11538490873478402,0.012945835398843203,868,0.0014179670142972895
4,WindStrongAGN,0.11538490873478402,0.020681677455356196,3268,0.005338613136778274
4,WindStrongAGN,0.11538490873478402,0.033040106658980835,2395,0.003912478109725816
4,WindStrongAGN,0.11538490873478402,0.052783370710295645,1303,0.002128584123996968
4,WindStrongAGN,0.11538490873478402,0.08432431082310657,449,0.0007334875454141509
4,WindStrongAGN,0.11538490873478402,0.13471268128780062,78,0.00012742099898063202
4,WindStrongAGN,0.11538490873478402,0.21521084871737584,6,9.801615306202462e-06
4,WindStrongAGN,0.11538490873478402,0.3438110574512591,2,3.2672051020674873e-06
4,WindStrongAGN,0.11538490873478402,0.5492568982011975,1,1.6336025510337436e-06
4,WindStrongAGN,0.11538490873478402,0.8774678233388973,2,3.2672051020674873e-06
4,WindStrongAGN,0.14102592587290624,0.012945835398843203,68,0.00011108497347029458
4,WindStrongAGN,0.14102592587290624,0.020681677455356196,1732,0.002829399618390444
4,WindStrongAGN,0.14102592587290624,0.033040106658980835,2142,0.003499176664314279
4,WindStrongAGN,0.14102592587290624,0.052783370710295645,1331,0.0021743249954259128
4,WindStrongAGN,0.14102592587290624,0.08432431082310657,592,0.0009670927102119763
4,WindStrongAGN,0.14102592587290624,0.13471268128780062,97,0.00015845944745027313
4,WindStrongAGN,0.14102592587290624,0.21521084871737584,13,2.123683316343867e-05
4,WindStrongAGN,0.14102592587290624,0.3438110574512591,1,1.6336025510337436e-06
4,WindStrongAGN,0.14102592587290624,2.2394561323969477,1,1.6336025510337436e-06
4,WindStrongAGN,0.16666694301102847,0.012945835398843203,3,4.900807653101231e-06
4,WindStrongAGN,0.16666694301102847,0.020681677455356196,575,0.0009393214668444027
4,WindStrongAGN,0.16666694301102847,0.033040106658980835,1936,0.0031626545388013278
4,WindStrongAGN,0.16666694301102847,0.052783370710295645,1223,0.0019978959199142684
4,WindStrongAGN,0.16666694301102847,0.08432431082310657,580,0.0009474894795995714
4,WindStrongAGN,0.16666694301102847,0.13471268128780062,158,0.0002581092030633315
4,WindStrongAGN,0.16666694301102847,0.21521084871737584,18,2.9404845918607387e-05
4,WindStrongAGN,0.16666694301102847,0.3438110574512591,2,3.2672051020674873e-06
4,WindStrongAGN,0.16666694301102847,0.5492568982011975,1,1.6336025510337436e-06
4,WindStrongAGN,0.1923079601491507,0.012945835398843203,2,3.2672051020674873e-06
4,WindStrongAGN,0.1923079601491507,0.020681677455356196,89,0.0001453906270420032
4,WindStrongAGN,0.1923079601491507,0.033040106658980835,1424,0.002326250032672051
4,WindStrongAGN,0.1923079601491507,0.052783370710295645,1134,0.0018525052928722655
4,WindStrongAGN,0.1923079601491507,0.08432431082310657,710,0.001159857811233958
4,WindStrongAGN,0.1923079601491507,0.13471268128780062,185,0.0003022164719412426
4,WindStrongAGN,0.1923079601491507,0.21521084871737584,15,2.4504038265506155e-05
4,WindStrongAGN,0.1923079601491507,0.3438110574512591,2,3.2672051020674873e-06
4,WindStrongAGN,0.1923079601491507,0.5492568982011975,1,1.6336025510337436e-06
4,WindStrongAGN,0.21794897728727292,0.020681677455356196,4,6.5344102041349745e-06
4,WindStrongAGN,0.21794897728727292,0.033040106658980835,807,0.0013183172586842312
4,WindStrongAGN,0.21794897728727292,0.052783370710295645,1124,0.0018361692673619279
4,WindStrongAGN,0.21794897728727292,0.08432431082310657,662,0.0010814448887843384
4,WindStrongAGN,0.21794897728727292,0.13471268128780062,255,0.00041656865051360465
4,WindStrongAGN,0.21794897728727292,0.21521084871737584,24,3.920646122480985e-05
4,WindStrongAGN,0.21794897728727292,0.3438110574512591,2,3.2672051020674873e-06
4,WindStrongAGN,0.21794897728727292,0.5492568982011975,1,1.6336025510337436e-06
4,WindStrongAGN,0.24358999442539514,0.033040106658980835,389,0.0006354713923521263
4,WindStrongAGN,0.24358999442539514,0.052783370710295645,1004,0.0016401369612378787
4,WindStrongAGN,0.24358999442539514,0.08432431082310657,646,0.0010553072479677983
4,WindStrongAGN,0.24358999442539514,0.13471268128780062,325,0.0005309208290859667
4,WindStrongAGN,0.24358999442539514,0.21521084871737584,40,6.534410204134975e-05
4,WindStrongAGN,0.24358999442539514,0.3438110574512591,5,8.168012755168719e-06
4,WindStrongAGN,0.26923101156351736,0.020681677455356196,1,1.6336025510337436e-06
4,WindStrongAGN,0.26923101156351736,0.033040106658980835,81,0.00013232180663373325
4,WindStrongAGN,0.26923101156351736,0.052783370710295645,885,0.0014457382576648632
4,WindStrongAGN,0.26923101156351736,0.08432431082310657,590,0.0009638255051099087
4,WindStrongAGN,0.26923101156351736,0.13471268128780062,313,0.0005113175984735618
4,WindStrongAGN,0.26923101156351736,0.21521084871737584,62,0.0001012833581640921
4,WindStrongAGN,0.26923101156351736,0.3438110574512591,6,9.801615306202462e-06
4,WindStrongAGN,0.29487202870163964,0.033040106658980835,11,1.796962806137118e-05
4,WindStrongAGN,0.29487202870163964,0.052783370710295645,668,0.0010912465040905407
4,WindStrongAGN,0.29487202870163964,0.08432431082310657,555,0.0009066494158237277
4,WindStrongAGN,0.29487202870163964,0.13471268128780062,318,0.0005194856112287305
4,WindStrongAGN,0.29487202870163964,0.21521084871737584,53,8.658093520478842e-05
4,WindStrongAGN,0.29487202870163964,0.3438110574512591,6,9.801615306202462e-06
4,WindStrongAGN,0.29487202870163964,0.5492568982011975,1,1.6336025510337436e-06
4,WindStrongAGN,0.29487202870163964,3.5776531972430146,1,1.6336025510337436e-06
4,WindStrongAGN,0.3205130458397618,0.033040106658980835,6,9.801615306202462e-06
4,WindStrongAGN,0.3205130458397618,0.052783370710295645,456,0.0007449227632713871
4,WindStrongAGN,0.3205130458397618,0.08432431082310657,571,0.0009327870566402677
4,WindStrongAGN,0.3205130458397618,0.13471268128780062,326,0.0005325544316370004
4,WindStrongAGN,0.3205130458397618,0.21521084871737584,97,0.00015845944745027313
4,WindStrongAGN,0.3205130458397618,0.3438110574512591,4,6.5344102041349745e-06
4,WindStrongAGN,0.3205130458397618,0.5492568982011975,1,1.6336025510337436e-06
4,WindStrongAGN,0.3461540629778841,0.033040106658980835,5,8.168012755168719e-06
4,WindStrongAGN,0.3461540629778841,0.052783370710295645,262,0.0004280038683708408
4,WindStrongAGN,0.3461540629778841,0.08432431082310657,633,0.0010340704148043597
4,WindStrongAGN,0.3461540629778841,0.13471268128780062,380,0.0006207689693928226
4,WindStrongAGN,0.3461540629778841,0.21521084871737584,100,0.00016336025510337436
4,WindStrongAGN,0.3461540629778841,0.3438110574512591,9,1.4702422959303694e-05
4,WindStrongAGN,0.3461540629778841,0.5492568982011975,2,3.2672051020674873e-06
4,WindStrongAGN,0.3461540629778841,0.8774678233388973,1,1.6336025510337436e-06
4,WindStrongAGN,0.37179508011600626,0.033040106658980835,1,1.6336025510337436e-06
4,WindStrongAGN,0.37179508011600626,0.052783370710295645,120,0.00019603230612404924
4,WindStrongAGN,0.37179508011600626,0.08432431082310657,594,0.0009703599153140438
4,WindStrongAGN,0.37179508011600626,0.13471268128780062,356,0.0005815625081680128
4,WindStrongAGN,0.37179508011600626,0.21521084871737584,143,0.00023360516479782535
4,WindStrongAGN,0.37179508011600626,0.3438110574512591,12,1.9603230612404924e-05
4,WindStrongAGN,0.37179508011600626,0.5492568982011975,2,3.2672051020674873e-06
4,WindStrongAGN,0.39743609725412854,0.033040106658980835,1,1.6336025510337436e-06
4,WindStrongAGN,0.39743609725412854,0.052783370710295645,33,5.390888418411354e-05
4,WindStrongAGN,0.39743609725412854,0.08432431082310657,496,0.0008102668653127369
4,WindStrongAGN,0.39743609725412854,0.13471268128780062,379,0.0006191353668417889
4,WindStrongAGN,0.39743609725412854,0.21521084871737584,157,0.00025647560051229775
4,WindStrongAGN,0.39743609725412854,0.3438110574512591,15,2.4504038265506155e-05
4,WindStrongAGN,0.4230771143922507,0.052783370710295645,6,9.801615306202462e-06
4,WindStrongAGN,0.4230771143922507,0.08432431082310657,391,0.0006387385974541938
4,WindStrongAGN,0.4230771143922507,0.13471268128780062,331,0.0005407224443921692
4,WindStrongAGN,0.4230771143922507,0.21521084871737584,162,0.0002646436132674665
4,WindStrongAGN,0.4230771143922507,0.3438110574512591,20,3.2672051020674876e-05
4,WindStrongAGN,0.4230771143922507,0.5492568982011975,1,1.6336025510337436e-06
4,WindStrongAGN,0.4230771143922507,0.8774678233388973,1,1.6336025510337436e-06
4,WindStrongAGN,0.448718131530373,0.052783370710295645,3,4.900807653101231e-06
4,WindStrongAGN,0.448718131530373,0.08432431082310657,342,0.0005586920724535403
4,WindStrongAGN,0.448718131530373,0.13471268128780062,332,0.0005423560469432029
4,WindStrongAGN,0.448718131530373,0.21521084871737584,184,0.00030058286939020883
4,WindStrongAGN,0.448718131530373,0.3438110574512591,24,3.920646122480985e-05
4,WindStrongAGN,0.448718131530373,0.8774678233388973,1,1.6336025510337436e-06
4,WindStrongAGN,0.47435914866849516,0.052783370710295645,1,1.6336025510337436e-06
4,WindStrongAGN,0.47435914866849516,0.08432431082310657,228,0.00037246138163569357
4,WindStrongAGN,0.47435914866849516,0.13471268128780062,302,0.0004933479704121906
4,WindStrongAGN,0.47435914866849516,0.21521084871737584,188,0.0003071172795943438
4,WindStrongAGN,0.47435914866849516,0.3438110574512591,26,4.247366632687734e-05
4,WindStrongAGN,0.47435914866849516,0.5492568982011975,1,1.6336025510337436e-06
4,WindStrongAGN,0.5000001658066174,0.052783370710295645,1,1.6336025510337436e-06
4,WindStrongAGN,0.5000001658066174,0.08432431082310657,131,0.0002140019341854204
4,WindStrongAGN,0.5000001658066174,0.13471268128780062,349,0.0005701272903107765
4,WindStrongAGN,0.5000001658066174,0.21521084871737584,186,0.0003038500744922763
4,WindStrongAGN,0.5000001658066174,0.3438110574512591,27,4.410726887791108e-05
4,WindStrongAGN,0.5000001658066174,0.5492568982011975,4,6.5344102041349745e-06
4,WindStrongAGN,0.5000001658066174,0.8774678233388973,2,3.2672051020674873e-06
4,WindStrongAGN,0.5000001658066174,1.401802660133478,1,1.6336025510337436e-06
4,WindStrongAGN,0.5256411829447396,0.08432431082310657,63,0.00010291696071512585
4,WindStrongAGN,0.5256411829447396,0.13471268128780062,298,0.0004868135602080556
4,WindStrongAGN,0.5256411829447396,0.21521084871737584,190,0.0003103844846964113
4,WindStrongAGN,0.5256411829447396,0.3438110574512591,39,6.371049949031601e-05
4,WindStrongAGN,0.5256411829447396,0.5492568982011975,2,3.2672051020674873e-06
4,WindStrongAGN,0.5512822000828619,0.08432431082310657,28,4.5740871428944825e-05
4,WindStrongAGN,0.5512822000828619,0.13471268128780062,311,0.0005080503933714942
4,WindStrongAGN,0.5512822000828619,0.21521084871737584,199,0.000325086907655715
4,WindStrongAGN,0.5512822000828619,0.3438110574512591,44,7.187851224548472e-05
4,WindStrongAGN,0.5512822000828619,0.5492568982011975,4,6.5344102041349745e-06
4,WindStrongAGN,0.5512822000828619,0.8774678233388973,2,3.2672051020674873e-06
4,WindStrongAGN,0.5769232172209842,0.08432431082310657,7,1.1435217857236206e-05
4,WindStrongAGN,0.5769232172209842,0.13471268128780062,242,0.00039533181735016597
4,WindStrongAGN,0.5769232172209842,0.21521084871737584,225,0.0003675605739825923
4,WindStrongAGN,0.5769232172209842,0.3438110574512591,54,8.821453775582216e-05
4,WindStrongAGN,0.5769232172209842,0.5492568982011975,2,3.2672051020674873e-06
4,WindStrongAGN,0.5769232172209842,9.130816172459244,1,1.6336025510337436e-06
4,WindStrongAGN,0.6025642343591063,0.052783370710295645,1,1.6336025510337436e-06
4,WindStrongAGN,0.6025642343591063,0.08432431082310657,2,3.2672051020674873e-06
4,WindStrongAGN,0.6025642343591063,0.13471268128780062,211,0.0003446901382681199
4,WindStrongAGN,0.6025642343591063,0.21521084871737584,210,0.0003430565357170862
4,WindStrongAGN,0.6025642343591063,0.3438110574512591,72,0.00011761938367442955
4,WindStrongAGN,0.6025642343591063,0.5492568982011975,7,1.1435217857236206e-05
4,WindStrongAGN,0.6025642343591063,0.8774678233388973,2,3.2672051020674873e-06
4,WindStrongAGN,0.6282052514972285,0.08432431082310657,3,4.900807653101231e-06
4,WindStrongAGN,0.6282052514972285,0.13471268128780062,158,0.0002581092030633315
4,WindStrongAGN,0.6282052514972285,0.21521084871737584,193,0.00031528529234951255
4,WindStrongAGN,0.6282052514972285,0.3438110574512591,83,0.00013558901173580073
4,WindStrongAGN,0.6282052514972285,0.5492568982011975,3,4.900807653101231e-06
4,WindStrongAGN,0.6282052514972285,3.5776531972430146,1,1.6336025510337436e-06
4,WindStrongAGN,0.6538462686353508,0.08432431082310657,1,1.6336025510337436e-06
4,WindStrongAGN,0.6538462686353508,0.13471268128780062,149,0.0002434067801040278
4,WindStrongAGN,0.6538462686353508,0.21521084871737584,207,0.00033815572806398495
4,WindStrongAGN,0.6538462686353508,0.3438110574512591,83,0.00013558901173580073
4,WindStrongAGN,0.6538462686353508,0.5492568982011975,6,9.801615306202462e-06
4,WindStrongAGN,0.6794872857734731,0.08432431082310657,1,1.6336025510337436e-06
4,WindStrongAGN,0.6794872857734731,0.13471268128780062,77,0.00012578739642959828
4,WindStrongAGN,0.6794872857734731,0.21521084871737584,215,0.0003512245484722549
4,WindStrongAGN,0.6794872857734731,0.3438110574512591,103,0.0001682610627564756
4,WindStrongAGN,0.6794872857734731,0.5492568982011975,5,8.168012755168719e-06
4,WindStrongAGN,0.6794872857734731,0.8774678233388973,1,1.6336025510337436e-06
4,WindStrongAGN,0.7051283029115952,0.13471268128780062,64,0.00010455056326615959
4,WindStrongAGN,0.7051283029115952,0.21521084871737584,206,0.0003365221255129512
4,WindStrongAGN,0.7051283029115952,0.3438110574512591,93,0.00015192503724613816
4,WindStrongAGN,0.7051283029115952,0.5492568982011975,11,1.796962806137118e-05
4,WindStrongAGN,0.7307693200497174,0.08432431082310657,1,1.6336025510337436e-06
4,WindStrongAGN,0.7307693200497174,0.13471268128780062,27,4.410726887791108e-05
4,WindStrongAGN,0.7307693200497174,0.21521084871737584,199,0.000325086907655715
4,WindStrongAGN,0.7307693200497174,0.3438110574512591,115,0.00018786429336888053
4,WindStrongAGN,0.7307693200497174,0.5492568982011975,10,1.6336025510337438e-05
4,WindStrongAGN,0.7564103371878397,0.13471268128780062,15,2.4504038265506155e-05
4,WindStrongAGN,0.7564103371878397,0.21521084871737584,191,0.00031201808724744506
4,WindStrongAGN,0.7564103371878397,0.3438110574512591,130,0.00021236833163438667
4,WindStrongAGN,0.7564103371878397,0.5492568982011975,19,3.103844846964113e-05
4,WindStrongAGN,0.7564103371878397,0.8774678233388973,1,1.6336025510337436e-06
4,WindStrongAGN,0.7564103371878397,1.401802660133478,1,1.6336025510337436e-06
4,WindStrongAGN,0.782051354325962,0.13471268128780062,3,4.900807653101231e-06
4,WindStrongAGN,0.782051354325962,0.21521084871737584,175,0.0002858804464309051
4,WindStrongAGN,0.782051354325962,0.3438110574512591,144,0.0002352387673488591
4,WindStrongAGN,0.782051354325962,0.5492568982011975,18,2.9404845918607387e-05
4,WindStrongAGN,0.8076923714640841,0.13471268128780062,2,3.2672051020674873e-06
4,WindStrongAGN,0.8076923714640841,0.21521084871737584,140,0.00022870435714472412
4,WindStrongAGN,0.8076923714640841,0.3438110574512591,135,0.0002205363443895554
4,WindStrongAGN,0.8076923714640841,0.5492568982011975,16,2.6137640816539898e-05
4,WindStrongAGN,0.8333333886022064,0.08432431082310657,1,1.6336025510337436e-06
4,WindStrongAGN,0.8333333886022064,0.13471268128780062,2,3.2672051020674873e-06
4,WindStrongAGN,0.8333333886022064,0.21521084871737584,135,0.0002205363443895554
4,WindStrongAGN,0.8333333886022064,0.3438110574512591,158,0.0002581092030633315
4,WindStrongAGN,0.8333333886022064,0.5492568982011975,25,4.084006377584359e-05
4,WindStrongAGN,0.8333333886022064,1.401802660133478,1,1.6336025510337436e-06
4,WindStrongAGN,0.8589744057403286,0.08432431082310657,1,1.6336025510337436e-06
4,WindStrongAGN,0.8589744057403286,0.13471268128780062,1,1.6336025510337436e-06
4,WindStrongAGN,0.8589744057403286,0.21521084871737584,104,0.00016989466530750936
4,WindStrongAGN,0.8589744057403286,0.3438110574512591,150,0.0002450403826550616
4,WindStrongAGN,0.8589744057403286,0.5492568982011975,40,6.534410204134975e-05
4,WindStrongAGN,0.8589744057403286,0.8774678233388973,1,1.6336025510337436e-06
4,WindStrongAGN,0.8846154228784509,0.13471268128780062,1,1.6336025510337436e-06
4,WindStrongAGN,0.8846154228784509,0.21521084871737584,67,0.00010945137091926083
4,WindStrongAGN,0.8846154228784509,0.3438110574512591,190,0.0003103844846964113
4,WindStrongAGN,0.8846154228784509,0.5492568982011975,38,6.207689693928227e-05
4,WindStrongAGN,0.9102564400165731,0.21521084871737584,48,7.84129224496197e-05
4,WindStrongAGN,0.9102564400165731,0.3438110574512591,170,0.00027771243367573644
4,WindStrongAGN,0.9102564400165731,0.5492568982011975,68,0.00011108497347029458
4,WindStrongAGN,0.9102564400165731,2.2394561323969477,2,3.2672051020674873e-06
4,WindStrongAGN,0.9358974571546953,0.13471268128780062,4,6.5344102041349745e-06
4,WindStrongAGN,0.9358974571546953,0.21521084871737584,19,3.103844846964113e-05
4,WindStrongAGN,0.9358974571546953,0.3438110574512591,210,0.0003430565357170862
4,WindStrongAGN,0.9358974571546953,0.5492568982011975,77,0.00012578739642959828
4,WindStrongAGN,0.9358974571546953,0.8774678233388973,1,1.6336025510337436e-06
4,WindStrongAGN,0.9615384742928175,0.13471268128780062,2,3.2672051020674873e-06
4,WindStrongAGN,0.9615384742928175,0.21521084871737584,14,2.2870435714472412e-05
4,WindStrongAGN,0.9615384742928175,0.3438110574512591,252,0.0004116678428605034
4,WindStrongAGN,0.9615384742928175,0.5492568982011975,124,0.0002025667163281842
4,WindStrongAGN,0.9615384742928175,0.8774678233388973,9,1.4702422959303694e-05
4,WindStrongAGN,0.9615384742928175,3.5776531972430146,1,1.6336025510337436e-06
4,WindStrongAGN,0.9615384742928175,9.130816172459244,1,1.6336025510337436e-06
4,WindStrongAGN,0.9871794914309397,0.033040106658980835,2214,0.0036167960479887087
4,WindStrongAGN,0.9871794914309397,0.052783370710295645,2040,0.0033325492041088372
4,WindStrongAGN,0.9871794914309397,0.08432431082310657,405,0.0006616090331686662
4,WindStrongAGN,0.9871794914309397,0.13471268128780062,264,0.0004312710734729083
4,WindStrongAGN,0.9871794914309397,0.21521084871737584,523,0.0008543741341906479
4,WindStrongAGN,0.9871794914309397,0.3438110574512591,653,0.0010667424658250347
4,WindStrongAGN,0.9871794914309397,0.5492568982011975,997,0.0016287017433806424
4,WindStrongAGN,0.9871794914309397,0.8774678233388973,125,0.00020420031887921796
4,WindStrongAGN,0.9871794914309397,1.401802660133478,24,3.920646122480985e-05
4,WindStrongAGN,0.9871794914309397,2.2394561323969477,31,5.064167908204605e-05
4,WindStrongAGN,0.9871794914309397,3.5776531972430146,12,1.9603230612404924e-05
4,WindStrongAGN,0.9871794914309397,5.7154959253626485,6,9.801615306202462e-06
4,WindStrongAGN,0.9871794914309397,9.130816172459244,3,4.900807653101231e-06
