feedback_class,class_name,line_density_lines_per_angstrom,total_ew_angstrom,count,density
1,NoFeedback,1.1515273735707097,0.3387323141764973,3,0.00018310546875
1,NoFeedback,1.1515273735707097,0.4005147573163834,1,6.103515625e-05
1,NoFeedback,1.1515273735707097,0.47356589293284373,1,6.103515625e-05
1,NoFeedback,1.1515273735707097,0.5599410529887804,1,6.103515625e-05
1,NoFeedback,1.1515273735707097,0.7828275415442694,3,0.00018310546875
1,NoFeedback,1.1515273735707097,1.094434774034195,1,6.103515625e-05
1,NoFeedback,1.1515273735707097,1.2940521455314113,2,0.0001220703125
1,NoFeedback,1.1515273735707097,2.139131375029364,1,6.103515625e-05
1,NoFeedback,1.2777109609827775,0.17330418694772587,5,0.00030517578125
1,NoFeedback,1.2777109609827775,0.20491367806472355,7,0.00042724609375
1,NoFeedback,1.2777109609827775,0.24228852284266275,10,0.0006103515625
1,NoFeedback,1.2777109609827775,0.286480282115367,16,0.0009765625
1,NoFeedback,1.2777109609827775,0.3387323141764973,12,0.000732421875
1,NoFeedback,1.2777109609827775,0.4005147573163834,15,0.00091552734375
1,NoFeedback,1.2777109609827775,0.47356589293284373,18,0.0010986328125
1,NoFeedback,1.2777109609827775,0.5599410529887804,12,0.000732421875
1,NoFeedback,1.2777109609827775,0.6620704478534867,9,0.00054931640625
1,NoFeedback,1.2777109609827775,0.7828275415442694,19,0.00115966796875
1,NoFeedback,1.2777109609827775,0.9256098981416236,16,0.0009765625
1,NoFeedback,1.2777109609827775,1.094434774034195,7,0.00042724609375
1,NoFeedback,1.2777109609827775,1.2940521455314113,3,0.00018310546875
1,NoFeedback,1.2777109609827775,1.5300783519348669,5,0.00030517578125
1,NoFeedback,1.2777109609827775,1.8091541141862668,2,0.0001220703125
1,NoFeedback,1.2777109609827775,2.139131375029364,3,0.00018310546875
1,NoFeedback,1.2777109609827775,2.529294217531704,2,0.0001220703125
1,NoFeedback,1.2777109609827775,8.172079927361038,1,6.103515625e-05
1,NoFeedback,1.4177216601922886,0.0886668911013989,1,6.103515625e-05
1,NoFeedback,1.4177216601922886,0.10483912188245244,1,6.103515625e-05
1,NoFeedback,1.4177216601922886,0.12396105626974341,5,0.00030517578125
1,NoFeedback,1.4177216601922886,0.14657069990284274,12,0.000732421875
1,NoFeedback,1.4177216601922886,0.17330418694772587,26,0.0015869140625
1,NoFeedback,1.4177216601922886,0.20491367806472355,27,0.00164794921875
1,NoFeedback,1.4177216601922886,0.24228852284266275,52,0.003173828125
1,NoFeedback,1.4177216601922886,0.286480282115367,68,0.004150390625
1,NoFeedback,1.4177216601922886,0.3387323141764973,84,0.005126953125
1,NoFeedback,1.4177216601922886,0.4005147573163834,89,0.00543212890625
1,NoFeedback,1.4177216601922886,0.47356589293284373,80,0.0048828125
1,NoFeedback,1.4177216601922886,0.5599410529887804,104,0.00634765625
1,NoFeedback,1.4177216601922886,0.6620704478534867,88,0.00537109375
1,NoFeedback,1.4177216601922886,0.7828275415442694,89,0.00543212890625
1,NoFeedback,1.4177216601922886,0.9256098981416236,75,0.00457763671875
1,NoFeedback,1.4177216601922886,1.094434774034195,49,0.00299072265625
1,NoFeedback,1.4177216601922886,1.2940521455314113,32,0.001953125
1,NoFeedback,1.4177216601922886,1.5300783519348669,20,0.001220703125
1,NoFeedback,1.4177216601922886,1.8091541141862668,9,0.00054931640625
1,NoFeedback,1.4177216601922886,2.139131375029364,2,0.0001220703125
1,NoFeedback,1.4177216601922886,2.9906200776244978,1,6.103515625e-05
1,NoFeedback,1.4177216601922886,3.5360886000122487,1,6.103515625e-05
1,NoFeedback,1.4177216601922886,5.845327095426733,1,6.103515625e-05
1,NoFeedback,1.5730746367178354,0.10483912188245244,3,0.00018310546875
1,NoFeedback,1.5730746367178354,0.12396105626974341,10,0.0006103515625
1,NoFeedback,1.5730746367178354,0.14657069990284274,52,0.003173828125
1,NoFeedback,1.5730746367178354,0.17330418694772587,72,0.00439453125
1,NoFeedback,1.5730746367178354,0.20491367806472355,134,0.0081787109375
1,NoFeedback,1.5730746367178354,0.24228852284266275,194,0.0118408203125
1,NoFeedback,1.5730746367178354,0.286480282115367,272,0.0166015625
1,NoFeedback,1.5730746367178354,0.3387323141764973,323,0.01971435546875
1,NoFeedback,1.5730746367178354,0.4005147573163834,356,0.021728515625
1,NoFeedback,1.5730746367178354,0.47356589293284373,374,0.0228271484375
1,NoFeedback,1.5730746367178354,0.5599410529887804,372,0.022705078125
1,NoFeedback,1.5730746367178354,0.6620704478534867,371,0.02264404296875
1,NoFeedback,1.5730746367178354,0.7828275415442694,292,0.017822265625
1,NoFeedback,1.5730746367178354,0.9256098981416236,224,0.013671875
1,NoFeedback,1.5730746367178354,1.094434774034195,159,0.00970458984375
1,NoFeedback,1.5730746367178354,1.2940521455314113,110,0.0067138671875
1,NoFeedback,1.5730746367178354,1.5300783519348669,57,0.00347900390625
1,NoFeedback,1.5730746367178354,1.8091541141862668,29,0.00177001953125
1,NoFeedback,1.5730746367178354,2.139131375029364,22,0.0013427734375
1,NoFeedback,1.5730746367178354,2.529294217531704,2,0.0001220703125
1,NoFeedback,1.5730746367178354,3.5360886000122487,2,0.0001220703125
1,NoFeedback,1.7454510868863495,0.10483912188245244,2,0.0001220703125
1,NoFeedback,1.7454510868863495,0.12396105626974341,12,0.000732421875
1,NoFeedback,1.7454510868863495,0.14657069990284274,29,0.00177001953125
1,NoFeedback,1.7454510868863495,0.17330418694772587,92,0.005615234375
1,NoFeedback,1.7454510868863495,0.20491367806472355,156,0.009521484375
1,NoFeedback,1.7454510868863495,0.24228852284266275,259,0.01580810546875
1,NoFeedback,1.7454510868863495,0.286480282115367,402,0.0245361328125
1,NoFeedback,1.7454510868863495,0.3387323141764973,501,0.03057861328125
1,NoFeedback,1.7454510868863495,0.4005147573163834,587,0.03582763671875
1,NoFeedback,1.7454510868863495,0.47356589293284373,566,0.0345458984375
1,NoFeedback,1.7454510868863495,0.5599410529887804,559,0.03411865234375
1,NoFeedback,1.7454510868863495,0.6620704478534867,533,0.03253173828125
1,NoFeedback,1.7454510868863495,0.7828275415442694,450,0.0274658203125
1,NoFeedback,1.7454510868863495,0.9256098981416236,370,0.0225830078125
1,NoFeedback,1.7454510868863495,1.094434774034195,232,0.01416015625
1,NoFeedback,1.7454510868863495,1.2940521455314113,129,0.00787353515625
1,NoFeedback,1.7454510868863495,1.5300783519348669,91,0.00555419921875
1,NoFeedback,1.7454510868863495,1.8091541141862668,44,0.002685546875
1,NoFeedback,1.7454510868863495,2.139131375029364,12,0.000732421875
1,NoFeedback,1.7454510868863495,2.529294217531704,7,0.00042724609375
1,NoFeedback,1.9367164313763021,0.12396105626974341,3,0.00018310546875
1,NoFeedback,1.9367164313763021,0.14657069990284274,13,0.00079345703125
1,NoFeedback,1.9367164313763021,0.17330418694772587,42,0.0025634765625
1,NoFeedback,1.9367164313763021,0.20491367806472355,107,0.00653076171875
1,NoFeedback,1.9367164313763021,0.24228852284266275,181,0.01104736328125
1,NoFeedback,1.9367164313763021,0.286480282115367,275,0.01678466796875
1,NoFeedback,1.9367164313763021,0.3387323141764973,360,0.02197265625
1,NoFeedback,1.9367164313763021,0.4005147573163834,431,0.02630615234375
1,NoFeedback,1.9367164313763021,0.47356589293284373,498,0.0303955078125
1,NoFeedback,1.9367164313763021,0.5599410529887804,545,0.03326416015625
1,NoFeedback,1.9367164313763021,0.6620704478534867,487,0.02972412109375
1,NoFeedback,1.9367164313763021,0.7828275415442694,453,0.02764892578125
1,NoFeedback,1.9367164313763021,0.9256098981416236,337,0.02056884765625
1,NoFeedback,1.9367164313763021,1.094434774034195,262,0.0159912109375
1,NoFeedback,1.9367164313763021,1.2940521455314113,200,0.01220703125
1,NoFeedback,1.9367164313763021,1.5300783519348669,95,0.00579833984375
1,NoFeedback,1.9367164313763021,1.8091541141862668,36,0.002197265625
1,NoFeedback,1.9367164313763021,2.139131375029364,13,0.00079345703125
1,NoFeedback,1.9367164313763021,2.529294217531704,6,0.0003662109375
1,NoFeedback,1.9367164313763021,2.9906200776244978,1,6.103515625e-05
1,NoFeedback,2.1489405023970094,0.12396105626974341,2,0.0001220703125
1,NoFeedback,2.1489405023970094,0.14657069990284274,1,6.103515625e-05
1,NoFeedback,2.1489405023970094,0.17330418694772587,12,0.000732421875
1,NoFeedback,2.1489405023970094,0.20491367806472355,22,0.0013427734375
1,NoFeedback,2.1489405023970094,0.24228852284266275,55,0.00335693359375
1,NoFeedback,2.1489405023970094,0.286480282115367,87,0.00531005859375
1,NoFeedback,2.1489405023970094,0.3387323141764973,104,0.00634765625
1,NoFeedback,2.1489405023970094,0.4005147573163834,173,0.01055908203125
1,NoFeedback,2.1489405023970094,0.47356589293284373,197,0.01202392578125
1,NoFeedback,2.1489405023970094,0.5599410529887804,244,0.014892578125
1,NoFeedback,2.1489405023970094,0.6620704478534867,253,0.01544189453125
1,NoFeedback,2.1489405023970094,0.7828275415442694,217,0.01324462890625
1,NoFeedback,2.1489405023970094,0.9256098981416236,186,0.0113525390625
1,NoFeedback,2.1489405023970094,1.094434774034195,134,0.0081787109375
1,NoFeedback,2.1489405023970094,1.2940521455314113,81,0.00494384765625
1,NoFeedback,2.1489405023970094,1.5300783519348669,45,0.00274658203125
1,NoFeedback,2.1489405023970094,1.8091541141862668,15,0.00091552734375
1,NoFeedback,2.1489405023970094,2.139131375029364,10,0.0006103515625
1,NoFeedback,2.1489405023970094,2.529294217531704,2,0.0001220703125
1,NoFeedback,2.3844199429653363,0.17330418694772587,1,6.103515625e-05
1,NoFeedback,2.3844199429653363,0.20491367806472355,2,0.0001220703125
1,NoFeedback,2.3844199429653363,0.24228852284266275,15,0.00091552734375
1,NoFeedback,2.3844199429653363,0.286480282115367,15,0.00091552734375
1,NoFeedback,2.3844199429653363,0.3387323141764973,40,0.00244140625
1,NoFeedback,2.3844199429653363,0.4005147573163834,32,0.001953125
1,NoFeedback,2.3844199429653363,0.47356589293284373,58,0.0035400390625
1,NoFeedback,2.3844199429653363,0.5599410529887804,83,0.00506591796875
1,NoFeedback,2.3844199429653363,0.6620704478534867,72,0.00439453125
1,NoFeedback,2.3844199429653363,0.7828275415442694,70,0.0042724609375
1,NoFeedback,2.3844199429653363,0.9256098981416236,72,0.00439453125
1,NoFeedback,2.3844199429653363,1.094434774034195,53,0.00323486328125
1,NoFeedback,2.3844199429653363,1.2940521455314113,39,0.00238037109375
1,NoFeedback,2.3844199429653363,1.5300783519348669,24,0.00146484375
1,NoFeedback,2.3844199429653363,1.8091541141862668,7,0.00042724609375
1,NoFeedback,2.3844199429653363,2.139131375029364,3,0.00018310546875
1,NoFeedback,2.645703060679922,0.17330418694772587,1,6.103515625e-05
1,NoFeedback,2.645703060679922,0.24228852284266275,1,6.103515625e-05
1,NoFeedback,2.645703060679922,0.286480282115367,2,0.0001220703125
1,NoFeedback,2.645703060679922,0.3387323141764973,2,0.0001220703125
1,NoFeedback,2.645703060679922,0.4005147573163834,4,0.000244140625
1,NoFeedback,2.645703060679922,0.47356589293284373,4,0.000244140625
1,NoFeedback,2.645703060679922,0.5599410529887804,6,0.0003662109375
1,NoFeedback,2.645703060679922,0.6620704478534867,3,0.00018310546875
1,NoFeedback,2.645703060679922,0.7828275415442694,7,0.00042724609375
1,NoFeedback,2.645703060679922,0.9256098981416236,5,0.00030517578125
1,NoFeedback,2.645703060679922,1.094434774034195,8,0.00048828125
1,NoFeedback,2.645703060679922,1.2940521455314113,7,0.00042724609375
1,NoFeedback,2.645703060679922,1.5300783519348669,3,0.00018310546875
1,NoFeedback,2.645703060679922,1.8091541141862668,2,0.0001220703125
1,NoFeedback,2.9356174049551083,0.4005147573163834,1,6.103515625e-05
1,NoFeedback,2.9356174049551083,0.6620704478534867,1,6.103515625e-05
1,NoFeedback,2.9356174049551083,0.9256098981416236,2,0.0001220703125
2,StellarWind,0.9353142646510788,8.172079927361038,1,6.103515625e-05
2,StellarWind,1.0378053664521476,3.5360886000122487,1,6.103515625e-05
2,StellarWind,1.0378053664521476,4.181046827274922,1,6.103515625e-05
2,StellarWind,1.0378053664521476,5.845327095426733,2,0.0001220703125
2,StellarWind,1.1515273735707097,0.24228852284266275,2,0.0001220703125
2,StellarWind,1.1515273735707097,0.3387323141764973,1,6.103515625e-05
2,StellarWind,1.1515273735707097,0.4005147573163834,1,6.103515625e-05
2,StellarWind,1.1515273735707097,0.6620704478534867,1,6.103515625e-05
2,StellarWind,1.1515273735707097,0.7828275415442694,3,0.00018310546875
2,StellarWind,1.1515273735707097,0.9256098981416236,2,0.0001220703125
2,StellarWind,1.1515273735707097,1.094434774034195,1,6.103515625e-05
2,StellarWind,1.1515273735707097,1.2940521455314113,2,0.0001220703125
2,StellarWind,1.1515273735707097,1.5300783519348669,3,0.00018310546875
2,StellarWind,1.1515273735707097,2.529294217531704,1,6.103515625e-05
2,StellarWind,1.1515273735707097,2.9906200776244978,1,6.103515625e-05
2,StellarWind,1.1515273735707097,3.5360886000122487,1,6.103515625e-05
2,StellarWind,1.1515273735707097,4.181046827274922,1,6.103515625e-05
2,StellarWind,1.1515273735707097,4.943640996949322,2,0.0001220703125
2,StellarWind,1.1515273735707097,6.9114745333681435,2,0.0001220703125
2,StellarWind,1.1515273735707097,8.172079927361038,2,0.0001220703125
2,StellarWind,1.2777109609827775,0.14657069990284274,3,0.00018310546875
2,StellarWind,1.2777109609827775,0.17330418694772587,6,0.0003662109375
2,StellarWind,1.2777109609827775,0.20491367806472355,4,0.000244140625
2,StellarWind,1.2777109609827775,0.24228852284266275,10,0.0006103515625
2,StellarWind,1.2777109609827775,0.286480282115367,12,0.000732421875
2,StellarWind,1.2777109609827775,0.3387323141764973,15,0.00091552734375
2,StellarWind,1.2777109609827775,0.4005147573163834,18,0.0010986328125
2,StellarWind,1.2777109609827775,0.47356589293284373,14,0.0008544921875
2,StellarWind,1.2777109609827775,0.5599410529887804,12,0.000732421875
2,StellarWind,1.2777109609827775,0.6620704478534867,14,0.0008544921875
2,StellarWind,1.2777109609827775,0.7828275415442694,16,0.0009765625
2,StellarWind,1.2777109609827775,0.9256098981416236,14,0.0008544921875
2,StellarWind,1.2777109609827775,1.094434774034195,11,0.00067138671875
2,StellarWind,1.2777109609827775,1.2940521455314113,6,0.0003662109375
2,StellarWind,1.2777109609827775,1.5300783519348669,5,0.00030517578125
2,StellarWind,1.2777109609827775,1.8091541141862668,3,0.00018310546875
2,StellarWind,1.2777109609827775,2.139131375029364,1,6.103515625e-05
2,StellarWind,1.2777109609827775,2.529294217531704,3,0.00018310546875
2,StellarWind,1.2777109609827775,3.5360886000122487,1,6.103515625e-05
2,StellarWind,1.2777109609827775,4.181046827274922,2,0.0001220703125
2,StellarWind,1.2777109609827775,4.943640996949322,1,6.103515625e-05
2,StellarWind,1.2777109609827775,5.845327095426733,1,6.103515625e-05
2,StellarWind,1.2777109609827775,6.9114745333681435,2,0.0001220703125
2,StellarWind,1.2777109609827775,8.172079927361038,1,6.103515625e-05
2,StellarWind,1.2777109609827775,9.66261107043856,2,0.0001220703125
2,StellarWind,1.2777109609827775,11.425004837013619,1,6.103515625e-05
2,StellarWind,1.4177216601922886,0.10483912188245244,1,6.103515625e-05
2,StellarWind,1.4177216601922886,0.12396105626974341,6,0.0003662109375
2,StellarWind,1.4177216601922886,0.14657069990284274,16,0.0009765625
2,StellarWind,1.4177216601922886,0.17330418694772587,21,0.00128173828125
2,StellarWind,1.4177216601922886,0.20491367806472355,26,0.0015869140625
2,StellarWind,1.4177216601922886,0.24228852284266275,50,0.0030517578125
2,StellarWind,1.4177216601922886,0.286480282115367,69,0.00421142578125
2,StellarWind,1.4177216601922886,0.3387323141764973,84,0.005126953125
2,StellarWind,1.4177216601922886,0.4005147573163834,86,0.0052490234375
2,StellarWind,1.4177216601922886,0.47356589293284373,95,0.00579833984375
2,StellarWind,1.4177216601922886,0.5599410529887804,90,0.0054931640625
2,StellarWind,1.4177216601922886,0.6620704478534867,97,0.00592041015625
2,StellarWind,1.4177216601922886,0.7828275415442694,96,0.005859375
2,StellarWind,1.4177216601922886,0.9256098981416236,80,0.0048828125
2,StellarWind,1.4177216601922886,1.094434774034195,68,0.004150390625
2,StellarWind,1.4177216601922886,1.2940521455314113,50,0.0030517578125
2,StellarWind,1.4177216601922886,1.5300783519348669,24,0.00146484375
2,StellarWind,1.4177216601922886,1.8091541141862668,15,0.00091552734375
2,StellarWind,1.4177216601922886,2.139131375029364,8,0.00048828125
2,StellarWind,1.4177216601922886,2.529294217531704,3,0.00018310546875
2,StellarWind,1.4177216601922886,2.9906200776244978,1,6.103515625e-05
2,StellarWind,1.4177216601922886,4.181046827274922,2,0.0001220703125
2,StellarWind,1.4177216601922886,4.943640996949322,2,0.0001220703125
2,StellarWind,1.4177216601922886,5.845327095426733,3,0.00018310546875
2,StellarWind,1.4177216601922886,8.172079927361038,5,0.00030517578125
2,StellarWind,1.4177216601922886,9.66261107043856,1,6.103515625e-05
2,StellarWind,1.4177216601922886,11.425004837013619,1,6.103515625e-05
2,StellarWind,1.5730746367178354,0.0886668911013989,1,6.103515625e-05
2,StellarWind,1.5730746367178354,0.10483912188245244,3,0.00018310546875
2,StellarWind,1.5730746367178354,0.12396105626974341,6,0.0003662109375
2,StellarWind,1.5730746367178354,0.14657069990284274,38,0.0023193359375
2,StellarWind,1.5730746367178354,0.17330418694772587,62,0.0037841796875
2,StellarWind,1.5730746367178354,0.20491367806472355,121,0.00738525390625
2,StellarWind,1.5730746367178354,0.24228852284266275,161,0.00982666015625
2,StellarWind,1.5730746367178354,0.286480282115367,247,0.01507568359375
2,StellarWind,1.5730746367178354,0.3387323141764973,319,0.01947021484375
2,StellarWind,1.5730746367178354,0.4005147573163834,327,0.01995849609375
2,StellarWind,1.5730746367178354,0.47356589293284373,344,0.02099609375
2,StellarWind,1.5730746367178354,0.5599410529887804,362,0.0220947265625
2,StellarWind,1.5730746367178354,0.6620704478534867,351,0.02142333984375
2,StellarWind,1.5730746367178354,0.7828275415442694,332,0.020263671875
2,StellarWind,1.5730746367178354,0.9256098981416236,263,0.01605224609375
2,StellarWind,1.5730746367178354,1.094434774034195,197,0.01202392578125
2,StellarWind,1.5730746367178354,1.2940521455314113,116,0.007080078125
2,StellarWind,1.5730746367178354,1.5300783519348669,77,0.00469970703125
2,StellarWind,1.5730746367178354,1.8091541141862668,33,0.00201416015625
2,StellarWind,1.5730746367178354,2.139131375029364,23,0.00140380859375
2,StellarWind,1.5730746367178354,2.529294217531704,12,0.000732421875
2,StellarWind,1.5730746367178354,2.9906200776244978,3,0.00018310546875
2,StellarWind,1.5730746367178354,3.5360886000122487,7,0.00042724609375
2,StellarWind,1.5730746367178354,4.181046827274922,1,6.103515625e-05
2,StellarWind,1.5730746367178354,4.943640996949322,3,0.00018310546875
2,StellarWind,1.5730746367178354,5.845327095426733,1,6.103515625e-05
2,StellarWind,1.5730746367178354,6.9114745333681435,1,6.103515625e-05
2,StellarWind,1.5730746367178354,8.172079927361038,2,0.0001220703125
2,StellarWind,1.5730746367178354,9.66261107043856,2,0.0001220703125
2,StellarWind,1.5730746367178354,11.425004837013619,2,0.0001220703125
2,StellarWind,1.7454510868863495,0.10483912188245244,2,0.0001220703125
2,StellarWind,1.7454510868863495,0.12396105626974341,6,0.0003662109375
2,StellarWind,1.7454510868863495,0.14657069990284274,34,0.0020751953125
2,StellarWind,1.7454510868863495,0.17330418694772587,82,0.0050048828125
2,StellarWind,1.7454510868863495,0.20491367806472355,152,0.00927734375
2,StellarWind,1.7454510868863495,0.24228852284266275,238,0.0145263671875
2,StellarWind,1.7454510868863495,0.286480282115367,368,0.0224609375
2,StellarWind,1.7454510868863495,0.3387323141764973,421,0.02569580078125
2,StellarWind,1.7454510868863495,0.4005147573163834,530,0.0323486328125
2,StellarWind,1.7454510868863495,0.47356589293284373,535,0.03265380859375
2,StellarWind,1.7454510868863495,0.5599410529887804,522,0.0318603515625
2,StellarWind,1.7454510868863495,0.6620704478534867,543,0.03314208984375
2,StellarWind,1.7454510868863495,0.7828275415442694,440,0.02685546875
2,StellarWind,1.7454510868863495,0.9256098981416236,395,0.02410888671875
2,StellarWind,1.7454510868863495,1.094434774034195,277,0.01690673828125
2,StellarWind,1.7454510868863495,1.2940521455314113,193,0.01177978515625
2,StellarWind,1.7454510868863495,1.5300783519348669,99,0.00604248046875
2,StellarWind,1.7454510868863495,1.8091541141862668,73,0.00445556640625
2,StellarWind,1.7454510868863495,2.139131375029364,34,0.0020751953125
2,StellarWind,1.7454510868863495,2.529294217531704,14,0.0008544921875
2,StellarWind,1.7454510868863495,2.9906200776244978,6,0.0003662109375
2,StellarWind,1.7454510868863495,3.5360886000122487,2,0.0001220703125
2,StellarWind,1.7454510868863495,4.181046827274922,3,0.00018310546875
2,StellarWind,1.7454510868863495,4.943640996949322,3,0.00018310546875
2,StellarWind,1.7454510868863495,5.845327095426733,2,0.0001220703125
2,StellarWind,1.7454510868863495,8.172079927361038,2,0.0001220703125
2,StellarWind,1.7454510868863495,11.425004837013619,1,6.103515625e-05
2,StellarWind,1.7454510868863495,13.508847098805992,1,6.103515625e-05
2,StellarWind,1.9367164313763021,0.12396105626974341,2,0.0001220703125
2,StellarWind,1.9367164313763021,0.14657069990284274,19,0.00115966796875
2,StellarWind,1.9367164313763021,0.17330418694772587,32,0.001953125
2,StellarWind,1.9367164313763021,0.20491367806472355,75,0.00457763671875
2,StellarWind,1.9367164313763021,0.24228852284266275,164,0.010009765625
2,StellarWind,1.9367164313763021,0.286480282115367,231,0.01409912109375
2,StellarWind,1.9367164313763021,0.3387323141764973,313,0.01910400390625
2,StellarWind,1.9367164313763021,0.4005147573163834,394,0.0240478515625
2,StellarWind,1.9367164313763021,0.47356589293284373,471,0.02874755859375
2,StellarWind,1.9367164313763021,0.5599410529887804,473,0.02886962890625
2,StellarWind,1.9367164313763021,0.6620704478534867,498,0.0303955078125
2,StellarWind,1.9367164313763021,0.7828275415442694,437,0.02667236328125
2,StellarWind,1.9367164313763021,0.9256098981416236,383,0.02337646484375
2,StellarWind,1.9367164313763021,1.094434774034195,284,0.017333984375
2,StellarWind,1.9367164313763021,1.2940521455314113,217,0.01324462890625
2,StellarWind,1.9367164313763021,1.5300783519348669,133,0.00811767578125
2,StellarWind,1.9367164313763021,1.8091541141862668,65,0.00396728515625
2,StellarWind,1.9367164313763021,2.139131375029364,33,0.00201416015625
2,StellarWind,1.9367164313763021,2.529294217531704,13,0.00079345703125
2,StellarWind,1.9367164313763021,2.9906200776244978,6,0.0003662109375
2,StellarWind,1.9367164313763021,3.5360886000122487,3,0.00018310546875
2,StellarWind,1.9367164313763021,4.181046827274922,2,0.0001220703125
2,StellarWind,1.9367164313763021,4.943640996949322,1,6.103515625e-05
2,StellarWind,1.9367164313763021,5.845327095426733,2,0.0001220703125
2,StellarWind,1.9367164313763021,13.508847098805992,1,6.103515625e-05
2,StellarWind,1.9367164313763021,15.972767849314963,3,0.00018310546875
2,StellarWind,1.9367164313763021,18.886090789395336,1,6.103515625e-05
2,StellarWind,2.1489405023970094,0.10483912188245244,1,6.103515625e-05
2,StellarWind,2.1489405023970094,0.12396105626974341,1,6.103515625e-05
2,StellarWind,2.1489405023970094,0.17330418694772587,9,0.00054931640625
2,StellarWind,2.1489405023970094,0.20491367806472355,25,0.00152587890625
2,StellarWind,2.1489405023970094,0.24228852284266275,42,0.0025634765625
2,StellarWind,2.1489405023970094,0.286480282115367,82,0.0050048828125
2,StellarWind,2.1489405023970094,0.3387323141764973,88,0.00537109375
2,StellarWind,2.1489405023970094,0.4005147573163834,160,0.009765625
2,StellarWind,2.1489405023970094,0.47356589293284373,170,0.0103759765625
2,StellarWind,2.1489405023970094,0.5599410529887804,195,0.01190185546875
2,StellarWind,2.1489405023970094,0.6620704478534867,226,0.0137939453125
2,StellarWind,2.1489405023970094,0.7828275415442694,187,0.01141357421875
2,StellarWind,2.1489405023970094,0.9256098981416236,220,0.013427734375
2,StellarWind,2.1489405023970094,1.094434774034195,165,0.01007080078125
2,StellarWind,2.1489405023970094,1.2940521455314113,139,0.00848388671875
2,StellarWind,2.1489405023970094,1.5300783519348669,78,0.0047607421875
2,StellarWind,2.1489405023970094,1.8091541141862668,46,0.0028076171875
2,StellarWind,2.1489405023970094,2.139131375029364,21,0.00128173828125
2,StellarWind,2.1489405023970094,2.529294217531704,9,0.00054931640625
2,StellarWind,2.1489405023970094,2.9906200776244978,4,0.000244140625
2,StellarWind,2.1489405023970094,4.943640996949322,2,0.0001220703125
2,StellarWind,2.1489405023970094,11.425004837013619,1,6.103515625e-05
2,StellarWind,2.1489405023970094,18.886090789395336,1,6.103515625e-05
2,StellarWind,2.3844199429653363,0.17330418694772587,2,0.0001220703125
2,StellarWind,2.3844199429653363,0.20491367806472355,1,6.103515625e-05
2,StellarWind,2.3844199429653363,0.24228852284266275,11,0.00067138671875
2,StellarWind,2.3844199429653363,0.286480282115367,15,0.00091552734375
2,StellarWind,2.3844199429653363,0.3387323141764973,26,0.0015869140625
2,StellarWind,2.3844199429653363,0.4005147573163834,29,0.00177001953125
2,StellarWind,2.3844199429653363,0.47356589293284373,41,0.00250244140625
2,StellarWind,2.3844199429653363,0.5599410529887804,67,0.00408935546875
2,StellarWind,2.3844199429653363,0.6620704478534867,58,0.0035400390625
2,StellarWind,2.3844199429653363,0.7828275415442694,60,0.003662109375
2,StellarWind,2.3844199429653363,0.9256098981416236,66,0.0040283203125
2,StellarWind,2.3844199429653363,1.094434774034195,56,0.00341796875
2,StellarWind,2.3844199429653363,1.2940521455314113,51,0.00311279296875
2,StellarWind,2.3844199429653363,1.5300783519348669,43,0.00262451171875
2,StellarWind,2.3844199429653363,1.8091541141862668,27,0.00164794921875
2,StellarWind,2.3844199429653363,2.139131375029364,7,0.00042724609375
2,StellarWind,2.3844199429653363,2.529294217531704,4,0.000244140625
2,StellarWind,2.3844199429653363,2.9906200776244978,3,0.00018310546875
2,StellarWind,2.3844199429653363,3.5360886000122487,1,6.103515625e-05
2,StellarWind,2.3844199429653363,11.425004837013619,1,6.103515625e-05
2,StellarWind,2.3844199429653363,15.972767849314963,1,6.103515625e-05
2,StellarWind,2.3844199429653363,18.886090789395336,1,6.103515625e-05
2,StellarWind,2.645703060679922,0.17330418694772587,1,6.103515625e-05
2,StellarWind,2.645703060679922,0.24228852284266275,1,6.103515625e-05
2,StellarWind,2.645703060679922,0.286480282115367,1,6.103515625e-05
2,StellarWind,2.645703060679922,0.3387323141764973,2,0.0001220703125
2,StellarWind,2.645703060679922,0.4005147573163834,2,0.0001220703125
2,StellarWind,2.645703060679922,0.47356589293284373,6,0.0003662109375
2,StellarWind,2.645703060679922,0.5599410529887804,3,0.00018310546875
2,StellarWind,2.645703060679922,0.6620704478534867,1,6.103515625e-05
2,StellarWind,2.645703060679922,0.7828275415442694,5,0.00030517578125
2,StellarWind,2.645703060679922,0.9256098981416236,6,0.0003662109375
2,StellarWind,2.645703060679922,1.094434774034195,11,0.00067138671875
2,StellarWind,2.645703060679922,1.2940521455314113,7,0.00042724609375
2,StellarWind,2.645703060679922,1.5300783519348669,7,0.00042724609375
2,StellarWind,2.645703060679922,1.8091541141862668,8,0.00048828125
2,StellarWind,2.645703060679922,2.139131375029364,2,0.0001220703125
2,StellarWind,2.645703060679922,2.9906200776244978,1,6.103515625e-05
2,StellarWind,2.645703060679922,18.886090789395336,1,6.103515625e-05
2,StellarWind,2.9356174049551083,0.9256098981416236,2,0.0001220703125
2,StellarWind,2.9356174049551083,1.8091541141862668,2,0.0001220703125
2,StellarWind,2.9356174049551083,22.330783785890993,4,0.000244140625
2,StellarWind,3.614233127725792,22.330783785890993,1,6.103515625e-05
2,StellarWind,3.614233127725792,26.4037650805012,1,6.103515625e-05
2,StellarWind,4.01027833886638,26.4037650805012,1,6.103515625e-05
2,StellarWind,4.449721915227002,26.4037650805012,1,6.103515625e-05
2,StellarWind,6.744756687104547,26.4037650805012,1,6.103515625e-05
2,StellarWind,7.483842543449692,26.4037650805012,1,6.103515625e-05
2,StellarWind,10.223502419908131,26.4037650805012,1,6.103515625e-05
2,StellarWind,19.078746133815084,26.4037650805012,1,6.103515625e-05
3,WindAGN,1.0378053664521476,0.7828275415442694,1,6.103515625e-05
3,WindAGN,1.0378053664521476,0.9256098981416236,2,0.0001220703125
3,WindAGN,1.0378053664521476,1.094434774034195,1,6.103515625e-05
3,WindAGN,1.0378053664521476,2.139131375029364,1,6.103515625e-05
3,WindAGN,1.1515273735707097,0.20491367806472355,2,0.0001220703125
3,WindAGN,1.1515273735707097,0.24228852284266275,1,6.103515625e-05
3,WindAGN,1.1515273735707097,0.286480282115367,4,0.000244140625
3,WindAGN,1.1515273735707097,0.3387323141764973,2,0.0001220703125
3,WindAGN,1.1515273735707097,0.4005147573163834,4,0.000244140625
3,WindAGN,1.1515273735707097,0.47356589293284373,1,6.103515625e-05
3,WindAGN,1.1515273735707097,0.5599410529887804,2,0.0001220703125
3,WindAGN,1.1515273735707097,0.6620704478534867,4,0.000244140625
3,WindAGN,1.1515273735707097,0.7828275415442694,5,0.00030517578125
3,WindAGN,1.1515273735707097,0.9256098981416236,5,0.00030517578125
3,WindAGN,1.1515273735707097,1.094434774034195,2,0.0001220703125
3,WindAGN,1.1515273735707097,1.2940521455314113,1,6.103515625e-05
3,WindAGN,1.1515273735707097,1.5300783519348669,1,6.103515625e-05
3,WindAGN,1.1515273735707097,2.139131375029364,2,0.0001220703125
3,WindAGN,1.1515273735707097,2.529294217531704,1,6.103515625e-05
3,WindAGN,1.1515273735707097,4.181046827274922,1,6.103515625e-05
3,WindAGN,1.1515273735707097,8.172079927361038,1,6.103515625e-05
3,WindAGN,1.2777109609827775,0.14657069990284274,2,0.0001220703125
3,WindAGN,1.2777109609827775,0.17330418694772587,8,0.00048828125
3,WindAGN,1.2777109609827775,0.20491367806472355,6,0.0003662109375
3,WindAGN,1.2777109609827775,0.24228852284266275,9,0.00054931640625
3,WindAGN,1.2777109609827775,0.286480282115367,12,0.000732421875
3,WindAGN,1.2777109609827775,0.3387323141764973,22,0.0013427734375
3,WindAGN,1.2777109609827775,0.4005147573163834,24,0.00146484375
3,WindAGN,1.2777109609827775,0.47356589293284373,34,0.0020751953125
3,WindAGN,1.2777109609827775,0.5599410529887804,38,0.0023193359375
3,WindAGN,1.2777109609827775,0.6620704478534867,22,0.0013427734375
3,WindAGN,1.2777109609827775,0.7828275415442694,22,0.0013427734375
3,WindAGN,1.2777109609827775,0.9256098981416236,38,0.0023193359375
3,WindAGN,1.2777109609827775,1.094434774034195,22,0.0013427734375
3,WindAGN,1.2777109609827775,1.2940521455314113,21,0.00128173828125
3,WindAGN,1.2777109609827775,1.5300783519348669,5,0.00030517578125
3,WindAGN,1.2777109609827775,1.8091541141862668,12,0.000732421875
3,WindAGN,1.2777109609827775,2.529294217531704,2,0.0001220703125
3,WindAGN,1.2777109609827775,2.9906200776244978,3,0.00018310546875
3,WindAGN,1.2777109609827775,4.181046827274922,1,6.103515625e-05
3,WindAGN,1.2777109609827775,5.845327095426733,1,6.103515625e-05
3,WindAGN,1.2777109609827775,6.9114745333681435,1,6.103515625e-05
3,WindAGN,1.2777109609827775,11.425004837013619,1,6.103515625e-05
3,WindAGN,1.4177216601922886,0.0886668911013989,1,6.103515625e-05
3,WindAGN,1.4177216601922886,0.10483912188245244,1,6.103515625e-05
3,WindAGN,1.4177216601922886,0.12396105626974341,3,0.00018310546875
3,WindAGN,1.4177216601922886,0.14657069990284274,11,0.00067138671875
3,WindAGN,1.4177216601922886,0.17330418694772587,25,0.00152587890625
3,WindAGN,1.4177216601922886,0.20491367806472355,30,0.0018310546875
3,WindAGN,1.4177216601922886,0.24228852284266275,74,0.0045166015625
3,WindAGN,1.4177216601922886,0.286480282115367,79,0.00482177734375
3,WindAGN,1.4177216601922886,0.3387323141764973,103,0.00628662109375
3,WindAGN,1.4177216601922886,0.4005147573163834,117,0.00714111328125
3,WindAGN,1.4177216601922886,0.47356589293284373,132,0.008056640625
3,WindAGN,1.4177216601922886,0.5599410529887804,114,0.0069580078125
3,WindAGN,1.4177216601922886,0.6620704478534867,167,0.01019287109375
3,WindAGN,1.4177216601922886,0.7828275415442694,136,0.00830078125
3,WindAGN,1.4177216601922886,0.9256098981416236,139,0.00848388671875
3,WindAGN,1.4177216601922886,1.094434774034195,101,0.00616455078125
3,WindAGN,1.4177216601922886,1.2940521455314113,63,0.00384521484375
3,WindAGN,1.4177216601922886,1.5300783519348669,44,0.002685546875
3,WindAGN,1.4177216601922886,1.8091541141862668,23,0.00140380859375
3,WindAGN,1.4177216601922886,2.139131375029364,8,0.00048828125
3,WindAGN,1.4177216601922886,2.529294217531704,5,0.00030517578125
3,WindAGN,1.4177216601922886,2.9906200776244978,5,0.00030517578125
3,WindAGN,1.4177216601922886,3.5360886000122487,1,6.103515625e-05
3,WindAGN,1.4177216601922886,4.181046827274922,3,0.00018310546875
3,WindAGN,1.4177216601922886,4.943640996949322,3,0.00018310546875
3,WindAGN,1.4177216601922886,8.172079927361038,1,6.103515625e-05
3,WindAGN,1.5730746367178354,0.10483912188245244,5,0.00030517578125
3,WindAGN,1.5730746367178354,0.12396105626974341,8,0.00048828125
3,WindAGN,1.5730746367178354,0.14657069990284274,37,0.00225830078125
3,WindAGN,1.5730746367178354,0.17330418694772587,76,0.004638671875
3,WindAGN,1.5730746367178354,0.20491367806472355,127,0.00775146484375
3,WindAGN,1.5730746367178354,0.24228852284266275,166,0.0101318359375
3,WindAGN,1.5730746367178354,0.286480282115367,285,0.01739501953125
3,WindAGN,1.5730746367178354,0.3387323141764973,354,0.0216064453125
3,WindAGN,1.5730746367178354,0.4005147573163834,395,0.02410888671875
3,WindAGN,1.5730746367178354,0.47356589293284373,453,0.02764892578125
3,WindAGN,1.5730746367178354,0.5599410529887804,469,0.02862548828125
3,WindAGN,1.5730746367178354,0.6620704478534867,453,0.02764892578125
3,WindAGN,1.5730746367178354,0.7828275415442694,396,0.024169921875
3,WindAGN,1.5730746367178354,0.9256098981416236,343,0.02093505859375
3,WindAGN,1.5730746367178354,1.094434774034195,244,0.014892578125
3,WindAGN,1.5730746367178354,1.2940521455314113,166,0.0101318359375
3,WindAGN,1.5730746367178354,1.5300783519348669,97,0.00592041015625
3,WindAGN,1.5730746367178354,1.8091541141862668,39,0.00238037109375
3,WindAGN,1.5730746367178354,2.139131375029364,22,0.0013427734375
3,WindAGN,1.5730746367178354,2.529294217531704,15,0.00091552734375
3,WindAGN,1.5730746367178354,2.9906200776244978,7,0.00042724609375
3,WindAGN,1.5730746367178354,3.5360886000122487,1,6.103515625e-05
3,WindAGN,1.5730746367178354,4.181046827274922,1,6.103515625e-05
3,WindAGN,1.5730746367178354,4.943640996949322,3,0.00018310546875
3,WindAGN,1.5730746367178354,5.845327095426733,2,0.0001220703125
3,WindAGN,1.5730746367178354,9.66261107043856,1,6.103515625e-05
3,WindAGN,1.5730746367178354,13.508847098805992,3,0.00018310546875
3,WindAGN,1.7454510868863495,0.12396105626974341,8,0.00048828125
3,WindAGN,1.7454510868863495,0.14657069990284274,29,0.00177001953125
3,WindAGN,1.7454510868863495,0.17330418694772587,58,0.0035400390625
3,WindAGN,1.7454510868863495,0.20491367806472355,139,0.00848388671875
3,WindAGN,1.7454510868863495,0.24228852284266275,222,0.0135498046875
3,WindAGN,1.7454510868863495,0.286480282115367,327,0.01995849609375
3,WindAGN,1.7454510868863495,0.3387323141764973,416,0.025390625
3,WindAGN,1.7454510868863495,0.4005147573163834,509,0.03106689453125
3,WindAGN,1.7454510868863495,0.47356589293284373,563,0.03436279296875
3,WindAGN,1.7454510868863495,0.5599410529887804,530,0.0323486328125
3,WindAGN,1.7454510868863495,0.6620704478534867,570,0.0347900390625
3,WindAGN,1.7454510868863495,0.7828275415442694,492,0.030029296875
3,WindAGN,1.7454510868863495,0.9256098981416236,434,0.0264892578125
3,WindAGN,1.7454510868863495,1.094434774034195,290,0.0177001953125
3,WindAGN,1.7454510868863495,1.2940521455314113,216,0.01318359375
3,WindAGN,1.7454510868863495,1.5300783519348669,134,0.0081787109375
3,WindAGN,1.7454510868863495,1.8091541141862668,66,0.0040283203125
3,WindAGN,1.7454510868863495,2.139131375029364,32,0.001953125
3,WindAGN,1.7454510868863495,2.529294217531704,7,0.00042724609375
3,WindAGN,1.7454510868863495,2.9906200776244978,3,0.00018310546875
3,WindAGN,1.7454510868863495,3.5360886000122487,3,0.00018310546875
3,WindAGN,1.7454510868863495,4.181046827274922,1,6.103515625e-05
3,WindAGN,1.7454510868863495,5.845327095426733,1,6.103515625e-05
3,WindAGN,1.7454510868863495,6.9114745333681435,1,6.103515625e-05
3,WindAGN,1.7454510868863495,9.66261107043856,1,6.103515625e-05
3,WindAGN,1.7454510868863495,13.508847098805992,5,0.00030517578125
3,WindAGN,1.7454510868863495,15.972767849314963,1,6.103515625e-05
3,WindAGN,1.9367164313763021,0.12396105626974341,3,0.00018310546875
3,WindAGN,1.9367164313763021,0.14657069990284274,10,0.0006103515625
3,WindAGN,1.9367164313763021,0.17330418694772587,23,0.00140380859375
3,WindAGN,1.9367164313763021,0.20491367806472355,75,0.00457763671875
3,WindAGN,1.9367164313763021,0.24228852284266275,116,0.007080078125
3,WindAGN,1.9367164313763021,0.286480282115367,194,0.0118408203125
3,WindAGN,1.9367164313763021,0.3387323141764973,248,0.01513671875
3,WindAGN,1.9367164313763021,0.4005147573163834,328,0.02001953125
3,WindAGN,1.9367164313763021,0.47356589293284373,391,0.02386474609375
3,WindAGN,1.9367164313763021,0.5599410529887804,447,0.02728271484375
3,WindAGN,1.9367164313763021,0.6620704478534867,404,0.024658203125
3,WindAGN,1.9367164313763021,0.7828275415442694,394,0.0240478515625
3,WindAGN,1.9367164313763021,0.9256098981416236,359,0.02191162109375
3,WindAGN,1.9367164313763021,1.094434774034195,274,0.0167236328125
3,WindAGN,1.9367164313763021,1.2940521455314113,183,0.01116943359375
3,WindAGN,1.9367164313763021,1.5300783519348669,117,0.00714111328125
3,WindAGN,1.9367164313763021,1.8091541141862668,38,0.0023193359375
3,WindAGN,1.9367164313763021,2.139131375029364,25,0.00152587890625
3,WindAGN,1.9367164313763021,2.529294217531704,14,0.0008544921875
3,WindAGN,1.9367164313763021,2.9906200776244978,1,6.103515625e-05
3,WindAGN,1.9367164313763021,3.5360886000122487,4,0.000244140625
3,WindAGN,1.9367164313763021,5.845327095426733,1,6.103515625e-05
3,WindAGN,1.9367164313763021,13.508847098805992,1,6.103515625e-05
3,WindAGN,2.1489405023970094,0.12396105626974341,1,6.103515625e-05
3,WindAGN,2.1489405023970094,0.17330418694772587,8,0.00048828125
3,WindAGN,2.1489405023970094,0.20491367806472355,11,0.00067138671875
3,WindAGN,2.1489405023970094,0.24228852284266275,37,0.00225830078125
3,WindAGN,2.1489405023970094,0.286480282115367,59,0.00360107421875
3,WindAGN,2.1489405023970094,0.3387323141764973,68,0.004150390625
3,WindAGN,2.1489405023970094,0.4005147573163834,104,0.00634765625
3,WindAGN,2.1489405023970094,0.47356589293284373,125,0.00762939453125
3,WindAGN,2.1489405023970094,0.5599410529887804,155,0.00946044921875
3,WindAGN,2.1489405023970094,0.6620704478534867,154,0.0093994140625
3,WindAGN,2.1489405023970094,0.7828275415442694,143,0.00872802734375
3,WindAGN,2.1489405023970094,0.9256098981416236,149,0.00909423828125
3,WindAGN,2.1489405023970094,1.094434774034195,142,0.0086669921875
3,WindAGN,2.1489405023970094,1.2940521455314113,95,0.00579833984375
3,WindAGN,2.1489405023970094,1.5300783519348669,64,0.00390625
3,WindAGN,2.1489405023970094,1.8091541141862668,39,0.00238037109375
3,WindAGN,2.1489405023970094,2.139131375029364,11,0.00067138671875
3,WindAGN,2.1489405023970094,2.529294217531704,5,0.00030517578125
3,WindAGN,2.1489405023970094,2.9906200776244978,3,0.00018310546875
3,WindAGN,2.1489405023970094,4.943640996949322,1,6.103515625e-05
3,WindAGN,2.1489405023970094,15.972767849314963,1,6.103515625e-05
3,WindAGN,2.3844199429653363,0.20491367806472355,1,6.103515625e-05
3,WindAGN,2.3844199429653363,0.24228852284266275,2,0.0001220703125
3,WindAGN,2.3844199429653363,0.286480282115367,13,0.00079345703125
3,WindAGN,2.3844199429653363,0.3387323141764973,14,0.0008544921875
3,WindAGN,2.3844199429653363,0.4005147573163834,18,0.0010986328125
3,WindAGN,2.3844199429653363,0.47356589293284373,35,0.00213623046875
3,WindAGN,2.3844199429653363,0.5599410529887804,36,0.002197265625
3,WindAGN,2.3844199429653363,0.6620704478534867,40,0.00244140625
3,WindAGN,2.3844199429653363,0.7828275415442694,49,0.00299072265625
3,WindAGN,2.3844199429653363,0.9256098981416236,37,0.00225830078125
3,WindAGN,2.3844199429653363,1.094434774034195,38,0.0023193359375
3,WindAGN,2.3844199429653363,1.2940521455314113,31,0.00189208984375
3,WindAGN,2.3844199429653363,1.5300783519348669,18,0.0010986328125
3,WindAGN,2.3844199429653363,1.8091541141862668,16,0.0009765625
3,WindAGN,2.3844199429653363,2.139131375029364,2,0.0001220703125
3,WindAGN,2.3844199429653363,2.529294217531704,2,0.0001220703125
3,WindAGN,2.3844199429653363,15.972767849314963,1,6.103515625e-05
3,WindAGN,2.3844199429653363,18.886090789395336,2,0.0001220703125
3,WindAGN,2.645703060679922,0.17330418694772587,1,6.103515625e-05
3,WindAGN,2.645703060679922,0.47356589293284373,4,0.000244140625
3,WindAGN,2.645703060679922,0.5599410529887804,1,6.103515625e-05
3,WindAGN,2.645703060679922,0.6620704478534867,2,0.0001220703125
3,WindAGN,2.645703060679922,0.7828275415442694,6,0.0003662109375
3,WindAGN,2.645703060679922,0.9256098981416236,1,6.103515625e-05
3,WindAGN,2.645703060679922,1.094434774034195,4,0.000244140625
3,WindAGN,2.645703060679922,1.2940521455314113,1,6.103515625e-05
3,WindAGN,2.645703060679922,1.5300783519348669,3,0.00018310546875
3,WindAGN,2.645703060679922,1.8091541141862668,3,0.00018310546875
3,WindAGN,2.645703060679922,2.139131375029364,2,0.0001220703125
3,WindAGN,2.645703060679922,2.529294217531704,1,6.103515625e-05
3,WindAGN,2.645703060679922,22.330783785890993,1,6.103515625e-05
3,WindAGN,2.9356174049551083,1.094434774034195,1,6.103515625e-05
3,WindAGN,2.9356174049551083,1.8091541141862668,1,6.103515625e-05
3,WindAGN,2.9356174049551083,2.9906200776244978,1,6.103515625e-05
3,WindAGN,2.9356174049551083,22.330783785890993,2,0.0001220703125
3,WindAGN,3.614233127725792,26.4037650805012,1,6.103515625e-05
3,WindAGN,4.449721915227002,26.4037650805012,1,6.103515625e-05
3,WindAGN,4.937319420189799,26.4037650805012,1,6.103515625e-05
3,WindAGN,6.744756687104547,26.4037650805012,1,6.103515625e-05
4,WindStrongAGN,0.36688703944148565,0.286480282115367,1,6.103515625e-05
4,WindStrongAGN,0.36688703944148565,0.5599410529887804,1,6.103515625e-05
4,WindStrongAGN,0.40709027201264486,0.5599410529887804,1,6.103515625e-05
4,WindStrongAGN,0.45169894750059725,0.4005147573163834,1,6.103515625e-05
4,WindStrongAGN,0.501195811347734,0.3387323141764973,1,6.103515625e-05
4,WindStrongAGN,0.501195811347734,0.47356589293284373,1,6.103515625e-05
4,WindStrongAGN,0.501195811347734,0.7828275415442694,2,0.0001220703125
4,WindStrongAGN,0.501195811347734,1.2940521455314113,2,0.0001220703125
4,WindStrongAGN,0.5561165079141154,0.20491367806472355,1,6.103515625e-05
4,WindStrongAGN,0.5561165079141154,0.47356589293284373,1,6.103515625e-05
4,WindStrongAGN,0.5561165079141154,0.6620704478534867,1,6.103515625e-05
4,WindStrongAGN,0.5561165079141154,1.2940521455314113,1,6.103515625e-05
4,WindStrongAGN,0.6170553771049359,0.10483912188245244,2,0.0001220703125
4,WindStrongAGN,0.6170553771049359,0.14657069990284274,1,6.103515625e-05
4,WindStrongAGN,0.6170553771049359,0.17330418694772587,2,0.0001220703125
4,WindStrongAGN,0.6170553771049359,0.20491367806472355,1,6.103515625e-05
4,WindStrongAGN,0.6170553771049359,0.24228852284266275,2,0.0001220703125
4,WindStrongAGN,0.6170553771049359,0.286480282115367,5,0.00030517578125
4,WindStrongAGN,0.6170553771049359,0.3387323141764973,3,0.00018310546875
4,WindStrongAGN,0.6170553771049359,0.4005147573163834,3,0.00018310546875
4,WindStrongAGN,0.6170553771049359,0.47356589293284373,1,6.103515625e-05
4,WindStrongAGN,0.6170553771049359,0.5599410529887804,2,0.0001220703125
4,WindStrongAGN,0.6170553771049359,0.6620704478534867,1,6.103515625e-05
4,WindStrongAGN,0.6170553771049359,0.7828275415442694,1,6.103515625e-05
4,WindStrongAGN,0.6170553771049359,0.9256098981416236,2,0.0001220703125
4,WindStrongAGN,0.6170553771049359,1.094434774034195,1,6.103515625e-05
4,WindStrongAGN,0.6170553771049359,1.2940521455314113,1,6.103515625e-05
4,WindStrongAGN,0.6170553771049359,1.8091541141862668,2,0.0001220703125
4,WindStrongAGN,0.6170553771049359,2.139131375029364,1,6.103515625e-05
4,WindStrongAGN,0.6846718861884916,0.06342167301704622,1,6.103515625e-05
4,WindStrongAGN,0.6846718861884916,0.10483912188245244,1,6.103515625e-05
4,WindStrongAGN,0.6846718861884916,0.12396105626974341,1,6.103515625e-05
4,WindStrongAGN,0.6846718861884916,0.14657069990284274,2,0.0001220703125
4,WindStrongAGN,0.6846718861884916,0.17330418694772587,2,0.0001220703125
4,WindStrongAGN,0.6846718861884916,0.20491367806472355,6,0.0003662109375
4,WindStrongAGN,0.6846718861884916,0.24228852284266275,3,0.00018310546875
4,WindStrongAGN,0.6846718861884916,0.286480282115367,5,0.00030517578125
4,WindStrongAGN,0.6846718861884916,0.3387323141764973,5,0.00030517578125
4,WindStrongAGN,0.6846718861884916,0.4005147573163834,8,0.00048828125
4,WindStrongAGN,0.6846718861884916,0.47356589293284373,8,0.00048828125
4,WindStrongAGN,0.6846718861884916,0.5599410529887804,15,0.00091552734375
4,WindStrongAGN,0.6846718861884916,0.6620704478534867,9,0.00054931640625
4,WindStrongAGN,0.6846718861884916,0.7828275415442694,5,0.00030517578125
4,WindStrongAGN,0.6846718861884916,0.9256098981416236,3,0.00018310546875
4,WindStrongAGN,0.6846718861884916,1.094434774034195,6,0.0003662109375
4,WindStrongAGN,0.6846718861884916,1.2940521455314113,2,0.0001220703125
4,WindStrongAGN,0.6846718861884916,1.5300783519348669,1,6.103515625e-05
4,WindStrongAGN,0.6846718861884916,1.8091541141862668,2,0.0001220703125
4,WindStrongAGN,0.7596977664083904,0.10483912188245244,2,0.0001220703125
4,WindStrongAGN,0.7596977664083904,0.12396105626974341,5,0.00030517578125
4,WindStrongAGN,0.7596977664083904,0.14657069990284274,5,0.00030517578125
4,WindStrongAGN,0.7596977664083904,0.17330418694772587,7,0.00042724609375
4,WindStrongAGN,0.7596977664083904,0.20491367806472355,6,0.0003662109375
4,WindStrongAGN,0.7596977664083904,0.24228852284266275,5,0.00030517578125
4,WindStrongAGN,0.7596977664083904,0.286480282115367,9,0.00054931640625
4,WindStrongAGN,0.7596977664083904,0.3387323141764973,11,0.00067138671875
4,WindStrongAGN,0.7596977664083904,0.4005147573163834,10,0.0006103515625
4,WindStrongAGN,0.7596977664083904,0.47356589293284373,15,0.00091552734375
4,WindStrongAGN,0.7596977664083904,0.5599410529887804,10,0.0006103515625
4,WindStrongAGN,0.7596977664083904,0.6620704478534867,15,0.00091552734375
4,WindStrongAGN,0.7596977664083904,0.7828275415442694,10,0.0006103515625
4,WindStrongAGN,0.7596977664083904,0.9256098981416236,14,0.0008544921875
4,WindStrongAGN,0.7596977664083904,1.094434774034195,9,0.00054931640625
4,WindStrongAGN,0.7596977664083904,1.2940521455314113,5,0.00030517578125
4,WindStrongAGN,0.7596977664083904,1.5300783519348669,3,0.00018310546875
4,WindStrongAGN,0.7596977664083904,1.8091541141862668,1,6.103515625e-05
4,WindStrongAGN,0.8429449316208804,0.06342167301704622,1,6.103515625e-05
4,WindStrongAGN,0.8429449316208804,0.07498934974295328,1,6.103515625e-05
4,WindStrongAGN,0.8429449316208804,0.0886668911013989,5,0.00030517578125
4,WindStrongAGN,0.8429449316208804,0.10483912188245244,2,0.0001220703125
4,WindStrongAGN,0.8429449316208804,0.12396105626974341,2,0.0001220703125
4,WindStrongAGN,0.8429449316208804,0.14657069990284274,11,0.00067138671875
4,WindStrongAGN,0.8429449316208804,0.17330418694772587,15,0.00091552734375
4,WindStrongAGN,0.8429449316208804,0.20491367806472355,22,0.0013427734375
4,WindStrongAGN,0.8429449316208804,0.24228852284266275,30,0.0018310546875
4,WindStrongAGN,0.8429449316208804,0.286480282115367,39,0.00238037109375
4,WindStrongAGN,0.8429449316208804,0.3387323141764973,45,0.00274658203125
4,WindStrongAGN,0.8429449316208804,0.4005147573163834,32,0.001953125
4,WindStrongAGN,0.8429449316208804,0.47356589293284373,36,0.002197265625
4,WindStrongAGN,0.8429449316208804,0.5599410529887804,41,0.00250244140625
4,WindStrongAGN,0.8429449316208804,0.6620704478534867,38,0.0023193359375
4,WindStrongAGN,0.8429449316208804,0.7828275415442694,31,0.00189208984375
4,WindStrongAGN,0.8429449316208804,0.9256098981416236,24,0.00146484375
4,WindStrongAGN,0.8429449316208804,1.094434774034195,18,0.0010986328125
4,WindStrongAGN,0.8429449316208804,1.2940521455314113,14,0.0008544921875
4,WindStrongAGN,0.8429449316208804,1.5300783519348669,4,0.000244140625
4,WindStrongAGN,0.8429449316208804,2.9906200776244978,1,6.103515625e-05
4,WindStrongAGN,0.8429449316208804,5.845327095426733,1,6.103515625e-05
4,WindStrongAGN,0.9353142646510788,0.06342167301704622,1,6.103515625e-05
4,WindStrongAGN,0.9353142646510788,0.07498934974295328,6,0.0003662109375
4,WindStrongAGN,0.9353142646510788,0.0886668911013989,7,0.00042724609375
4,WindStrongAGN,0.9353142646510788,0.10483912188245244,26,0.0015869140625
4,WindStrongAGN,0.9353142646510788,0.12396105626974341,20,0.001220703125
4,WindStrongAGN,0.9353142646510788,0.14657069990284274,22,0.0013427734375
4,WindStrongAGN,0.9353142646510788,0.17330418694772587,49,0.00299072265625
4,WindStrongAGN,0.9353142646510788,0.20491367806472355,52,0.003173828125
4,WindStrongAGN,0.9353142646510788,0.24228852284266275,71,0.00433349609375
4,WindStrongAGN,0.9353142646510788,0.286480282115367,68,0.004150390625
4,WindStrongAGN,0.9353142646510788,0.3387323141764973,95,0.00579833984375
4,WindStrongAGN,0.9353142646510788,0.4005147573163834,99,0.00604248046875
4,WindStrongAGN,0.9353142646510788,0.47356589293284373,89,0.00543212890625
4,WindStrongAGN,0.9353142646510788,0.5599410529887804,81,0.00494384765625
4,WindStrongAGN,0.9353142646510788,0.6620704478534867,69,0.00421142578125
4,WindStrongAGN,0.9353142646510788,0.7828275415442694,72,0.00439453125
4,WindStrongAGN,0.9353142646510788,0.9256098981416236,50,0.0030517578125
4,WindStrongAGN,0.9353142646510788,1.094434774034195,25,0.00152587890625
4,WindStrongAGN,0.9353142646510788,1.2940521455314113,20,0.001220703125
4,WindStrongAGN,0.9353142646510788,1.5300783519348669,6,0.0003662109375
4,WindStrongAGN,0.9353142646510788,1.8091541141862668,4,0.000244140625
4,WindStrongAGN,0.9353142646510788,2.139131375029364,4,0.000244140625
4,WindStrongAGN,0.9353142646510788,2.529294217531704,1,6.103515625e-05
4,WindStrongAGN,0.9353142646510788,3.5360886000122487,1,6.103515625e-05
4,WindStrongAGN,0.9353142646510788,6.9114745333681435,2,0.0001220703125
4,WindStrongAGN,0.9353142646510788,8.172079927361038,1,6.103515625e-05
4,WindStrongAGN,0.9353142646510788,9.66261107043856,1,6.103515625e-05
4,WindStrongAGN,1.0378053664521476,0.05363839828013848,2,0.0001220703125
4,WindStrongAGN,1.0378053664521476,0.06342167301704622,4,0.000244140625
4,WindStrongAGN,1.0378053664521476,0.07498934974295328,5,0.00030517578125
4,WindStrongAGN,1.0378053664521476,0.0886668911013989,10,0.0006103515625
4,WindStrongAGN,1.0378053664521476,0.10483912188245244,26,0.0015869140625
4,WindStrongAGN,1.0378053664521476,0.12396105626974341,49,0.00299072265625
4,WindStrongAGN,1.0378053664521476,0.14657069990284274,61,0.00372314453125
4,WindStrongAGN,1.0378053664521476,0.17330418694772587,83,0.00506591796875
4,WindStrongAGN,1.0378053664521476,0.20491367806472355,95,0.00579833984375
4,WindStrongAGN,1.0378053664521476,0.24228852284266275,107,0.00653076171875
4,WindStrongAGN,1.0378053664521476,0.286480282115367,131,0.00799560546875
4,WindStrongAGN,1.0378053664521476,0.3387323141764973,153,0.00933837890625
4,WindStrongAGN,1.0378053664521476,0.4005147573163834,132,0.008056640625
4,WindStrongAGN,1.0378053664521476,0.47356589293284373,142,0.0086669921875
4,WindStrongAGN,1.0378053664521476,0.5599410529887804,123,0.00750732421875
4,WindStrongAGN,1.0378053664521476,0.6620704478534867,96,0.005859375
4,WindStrongAGN,1.0378053664521476,0.7828275415442694,102,0.0062255859375
4,WindStrongAGN,1.0378053664521476,0.9256098981416236,66,0.0040283203125
4,WindStrongAGN,1.0378053664521476,1.094434774034195,50,0.0030517578125
4,WindStrongAGN,1.0378053664521476,1.2940521455314113,18,0.0010986328125
4,WindStrongAGN,1.0378053664521476,1.5300783519348669,18,0.0010986328125
4,WindStrongAGN,1.0378053664521476,1.8091541141862668,3,0.00018310546875
4,WindStrongAGN,1.0378053664521476,2.139131375029364,2,0.0001220703125
4,WindStrongAGN,1.0378053664521476,2.529294217531704,2,0.0001220703125
4,WindStrongAGN,1.0378053664521476,2.9906200776244978,1,6.103515625e-05
4,WindStrongAGN,1.0378053664521476,3.5360886000122487,1,6.103515625e-05
4,WindStrongAGN,1.0378053664521476,4.181046827274922,1,6.103515625e-05
4,WindStrongAGN,1.0378053664521476,4.943640996949322,1,6.103515625e-05
4,WindStrongAGN,1.0378053664521476,5.845327095426733,2,0.0001220703125
4,WindStrongAGN,1.0378053664521476,6.9114745333681435,2,0.0001220703125
4,WindStrongAGN,1.0378053664521476,9.66261107043856,1,6.103515625e-05
4,WindStrongAGN,1.1515273735707097,0.05363839828013848,1,6.103515625e-05
4,WindStrongAGN,1.1515273735707097,0.06342167301704622,2,0.0001220703125
4,WindStrongAGN,1.1515273735707097,0.07498934974295328,10,0.0006103515625
4,WindStrongAGN,1.1515273735707097,0.0886668911013989,24,0.00146484375
4,WindStrongAGN,1.1515273735707097,0.10483912188245244,43,0.00262451171875
4,WindStrongAGN,1.1515273735707097,0.12396105626974341,58,0.0035400390625
4,WindStrongAGN,1.1515273735707097,0.14657069990284274,110,0.0067138671875
4,WindStrongAGN,1.1515273735707097,0.17330418694772587,142,0.0086669921875
4,WindStrongAGN,1.1515273735707097,0.20491367806472355,167,0.01019287109375
4,WindStrongAGN,1.1515273735707097,0.24228852284266275,208,0.0126953125
4,WindStrongAGN,1.1515273735707097,0.286480282115367,235,0.01434326171875
4,WindStrongAGN,1.1515273735707097,0.3387323141764973,232,0.01416015625
4,WindStrongAGN,1.1515273735707097,0.4005147573163834,216,0.01318359375
4,WindStrongAGN,1.1515273735707097,0.47356589293284373,196,0.011962890625
4,WindStrongAGN,1.1515273735707097,0.5599410529887804,166,0.0101318359375
4,WindStrongAGN,1.1515273735707097,0.6620704478534867,195,0.01190185546875
4,WindStrongAGN,1.1515273735707097,0.7828275415442694,139,0.00848388671875
4,WindStrongAGN,1.1515273735707097,0.9256098981416236,112,0.0068359375
4,WindStrongAGN,1.1515273735707097,1.094434774034195,67,0.00408935546875
4,WindStrongAGN,1.1515273735707097,1.2940521455314113,38,0.0023193359375
4,WindStrongAGN,1.1515273735707097,1.5300783519348669,20,0.001220703125
4,WindStrongAGN,1.1515273735707097,1.8091541141862668,6,0.0003662109375
4,WindStrongAGN,1.1515273735707097,2.139131375029364,5,0.00030517578125
4,WindStrongAGN,1.1515273735707097,2.9906200776244978,1,6.103515625e-05
4,WindStrongAGN,1.1515273735707097,4.943640996949322,1,6.103515625e-05
4,WindStrongAGN,1.1515273735707097,5.845327095426733,1,6.103515625e-05
4,WindStrongAGN,1.2777109609827775,0.04536426797327584,2,0.0001220703125
4,WindStrongAGN,1.2777109609827775,0.06342167301704622,10,0.0006103515625
4,WindStrongAGN,1.2777109609827775,0.07498934974295328,16,0.0009765625
4,WindStrongAGN,1.2777109609827775,0.0886668911013989,27,0.00164794921875
4,WindStrongAGN,1.2777109609827775,0.10483912188245244,66,0.0040283203125
4,WindStrongAGN,1.2777109609827775,0.12396105626974341,96,0.005859375
4,WindStrongAGN,1.2777109609827775,0.14657069990284274,169,0.01031494140625
4,WindStrongAGN,1.2777109609827775,0.17330418694772587,251,0.01531982421875
4,WindStrongAGN,1.2777109609827775,0.20491367806472355,309,0.01885986328125
4,WindStrongAGN,1.2777109609827775,0.24228852284266275,345,0.02105712890625
4,WindStrongAGN,1.2777109609827775,0.286480282115367,383,0.02337646484375
4,WindStrongAGN,1.2777109609827775,0.3387323141764973,378,0.0230712890625
4,WindStrongAGN,1.2777109609827775,0.4005147573163834,355,0.02166748046875
4,WindStrongAGN,1.2777109609827775,0.47356589293284373,308,0.018798828125
4,WindStrongAGN,1.2777109609827775,0.5599410529887804,269,0.01641845703125
4,WindStrongAGN,1.2777109609827775,0.6620704478534867,260,0.015869140625
4,WindStrongAGN,1.2777109609827775,0.7828275415442694,234,0.0142822265625
4,WindStrongAGN,1.2777109609827775,0.9256098981416236,171,0.01043701171875
4,WindStrongAGN,1.2777109609827775,1.094434774034195,104,0.00634765625
4,WindStrongAGN,1.2777109609827775,1.2940521455314113,57,0.00347900390625
4,WindStrongAGN,1.2777109609827775,1.5300783519348669,22,0.0013427734375
4,WindStrongAGN,1.2777109609827775,1.8091541141862668,13,0.00079345703125
4,WindStrongAGN,1.2777109609827775,2.139131375029364,1,6.103515625e-05
4,WindStrongAGN,1.2777109609827775,2.529294217531704,4,0.000244140625
4,WindStrongAGN,1.2777109609827775,2.9906200776244978,2,0.0001220703125
4,WindStrongAGN,1.2777109609827775,3.5360886000122487,1,6.103515625e-05
4,WindStrongAGN,1.2777109609827775,4.181046827274922,1,6.103515625e-05
4,WindStrongAGN,1.2777109609827775,4.943640996949322,1,6.103515625e-05
4,WindStrongAGN,1.2777109609827775,5.845327095426733,1,6.103515625e-05
4,WindStrongAGN,1.2777109609827775,6.9114745333681435,2,0.0001220703125
4,WindStrongAGN,1.2777109609827775,9.66261107043856,1,6.103515625e-05
4,WindStrongAGN,1.2777109609827775,11.425004837013619,1,6.103515625e-05
4,WindStrongAGN,1.4177216601922886,0.05363839828013848,1,6.103515625e-05
4,WindStrongAGN,1.4177216601922886,0.06342167301704622,5,0.00030517578125
4,WindStrongAGN,1.4177216601922886,0.07498934974295328,14,0.0008544921875
4,WindStrongAGN,1.4177216601922886,0.0886668911013989,28,0.001708984375
4,WindStrongAGN,1.4177216601922886,0.10483912188245244,58,0.0035400390625
4,WindStrongAGN,1.4177216601922886,0.12396105626974341,104,0.00634765625
4,WindStrongAGN,1.4177216601922886,0.14657069990284274,163,0.00994873046875
4,WindStrongAGN,1.4177216601922886,0.17330418694772587,244,0.014892578125
4,WindStrongAGN,1.4177216601922886,0.20491367806472355,284,0.017333984375
4,WindStrongAGN,1.4177216601922886,0.24228852284266275,328,0.02001953125
4,WindStrongAGN,1.4177216601922886,0.286480282115367,328,0.02001953125
4,WindStrongAGN,1.4177216601922886,0.3387323141764973,302,0.0184326171875
4,WindStrongAGN,1.4177216601922886,0.4005147573163834,308,0.018798828125
4,WindStrongAGN,1.4177216601922886,0.47356589293284373,246,0.0150146484375
4,WindStrongAGN,1.4177216601922886,0.5599410529887804,268,0.016357421875
4,WindStrongAGN,1.4177216601922886,0.6620704478534867,225,0.01373291015625
4,WindStrongAGN,1.4177216601922886,0.7828275415442694,166,0.0101318359375
4,WindStrongAGN,1.4177216601922886,0.9256098981416236,123,0.00750732421875
4,WindStrongAGN,1.4177216601922886,1.094434774034195,83,0.00506591796875
4,WindStrongAGN,1.4177216601922886,1.2940521455314113,53,0.00323486328125
4,WindStrongAGN,1.4177216601922886,1.5300783519348669,28,0.001708984375
4,WindStrongAGN,1.4177216601922886,1.8091541141862668,16,0.0009765625
4,WindStrongAGN,1.4177216601922886,2.139131375029364,6,0.0003662109375
4,WindStrongAGN,1.4177216601922886,2.529294217531704,3,0.00018310546875
4,WindStrongAGN,1.4177216601922886,3.5360886000122487,1,6.103515625e-05
4,WindStrongAGN,1.4177216601922886,4.181046827274922,2,0.0001220703125
4,WindStrongAGN,1.4177216601922886,5.845327095426733,1,6.103515625e-05
4,WindStrongAGN,1.4177216601922886,6.9114745333681435,1,6.103515625e-05
4,WindStrongAGN,1.4177216601922886,8.172079927361038,1,6.103515625e-05
4,WindStrongAGN,1.5730746367178354,0.04536426797327584,1,6.103515625e-05
4,WindStrongAGN,1.5730746367178354,0.06342167301704622,1,6.103515625e-05
4,WindStrongAGN,1.5730746367178354,0.07498934974295328,3,0.00018310546875
4,WindStrongAGN,1.5730746367178354,0.0886668911013989,14,0.0008544921875
4,WindStrongAGN,1.5730746367178354,0.10483912188245244,36,0.002197265625
4,WindStrongAGN,1.5730746367178354,0.12396105626974341,83,0.00506591796875
4,WindStrongAGN,1.5730746367178354,0.14657069990284274,110,0.0067138671875
4,WindStrongAGN,1.5730746367178354,0.17330418694772587,137,0.00836181640625
4,WindStrongAGN,1.5730746367178354,0.20491367806472355,227,0.01385498046875
4,WindStrongAGN,1.5730746367178354,0.24228852284266275,250,0.0152587890625
4,WindStrongAGN,1.5730746367178354,0.286480282115367,238,0.0145263671875
4,WindStrongAGN,1.5730746367178354,0.3387323141764973,242,0.0147705078125
4,WindStrongAGN,1.5730746367178354,0.4005147573163834,252,0.015380859375
4,WindStrongAGN,1.5730746367178354,0.47356589293284373,201,0.01226806640625
4,WindStrongAGN,1.5730746367178354,0.5599410529887804,182,0.0111083984375
4,WindStrongAGN,1.5730746367178354,0.6620704478534867,138,0.0084228515625
4,WindStrongAGN,1.5730746367178354,0.7828275415442694,135,0.00823974609375
4,WindStrongAGN,1.5730746367178354,0.9256098981416236,106,0.0064697265625
4,WindStrongAGN,1.5730746367178354,1.094434774034195,63,0.00384521484375
4,WindStrongAGN,1.5730746367178354,1.2940521455314113,34,0.0020751953125
4,WindStrongAGN,1.5730746367178354,1.5300783519348669,10,0.0006103515625
4,WindStrongAGN,1.5730746367178354,1.8091541141862668,20,0.001220703125
4,WindStrongAGN,1.5730746367178354,2.139131375029364,5,0.00030517578125
4,WindStrongAGN,1.5730746367178354,2.529294217531704,3,0.00018310546875
4,WindStrongAGN,1.5730746367178354,2.9906200776244978,3,0.00018310546875
4,WindStrongAGN,1.5730746367178354,3.5360886000122487,2,0.0001220703125
4,WindStrongAGN,1.5730746367178354,4.181046827274922,3,0.00018310546875
4,WindStrongAGN,1.5730746367178354,9.66261107043856,1,6.103515625e-05
4,WindStrongAGN,1.7454510868863495,0.0886668911013989,5,0.00030517578125
4,WindStrongAGN,1.7454510868863495,0.10483912188245244,11,0.00067138671875
4,WindStrongAGN,1.7454510868863495,0.12396105626974341,18,0.0010986328125
4,WindStrongAGN,1.7454510868863495,0.14657069990284274,34,0.0020751953125
4,WindStrongAGN,1.7454510868863495,0.17330418694772587,52,0.003173828125
4,WindStrongAGN,1.7454510868863495,0.20491367806472355,63,0.00384521484375
4,WindStrongAGN,1.7454510868863495,0.24228852284266275,74,0.0045166015625
4,WindStrongAGN,1.7454510868863495,0.286480282115367,72,0.00439453125
4,WindStrongAGN,1.7454510868863495,0.3387323141764973,71,0.00433349609375
4,WindStrongAGN,1.7454510868863495,0.4005147573163834,89,0.00543212890625
4,WindStrongAGN,1.7454510868863495,0.47356589293284373,73,0.00445556640625
4,WindStrongAGN,1.7454510868863495,0.5599410529887804,57,0.00347900390625
4,WindStrongAGN,1.7454510868863495,0.6620704478534867,64,0.00390625
4,WindStrongAGN,1.7454510868863495,0.7828275415442694,47,0.00286865234375
4,WindStrongAGN,1.7454510868863495,0.9256098981416236,41,0.00250244140625
4,WindStrongAGN,1.7454510868863495,1.094434774034195,27,0.00164794921875
4,WindStrongAGN,1.7454510868863495,1.2940521455314113,20,0.001220703125
4,WindStrongAGN,1.7454510868863495,1.5300783519348669,12,0.000732421875
4,WindStrongAGN,1.7454510868863495,1.8091541141862668,8,0.00048828125
4,WindStrongAGN,1.7454510868863495,2.139131375029364,7,0.00042724609375
4,WindStrongAGN,1.7454510868863495,2.529294217531704,2,0.0001220703125
4,WindStrongAGN,1.7454510868863495,2.9906200776244978,1,6.103515625e-05
4,WindStrongAGN,1.7454510868863495,3.5360886000122487,1,6.103515625e-05
4,WindStrongAGN,1.7454510868863495,4.181046827274922,1,6.103515625e-05
4,WindStrongAGN,1.7454510868863495,6.9114745333681435,1,6.103515625e-05
4,WindStrongAGN,1.7454510868863495,9.66261107043856,1,6.103515625e-05
4,WindStrongAGN,1.7454510868863495,13.508847098805992,1,6.103515625e-05
4,WindStrongAGN,1.7454510868863495,15.972767849314963,1,6.103515625e-05
4,WindStrongAGN,1.9367164313763021,0.10483912188245244,2,0.0001220703125
4,WindStrongAGN,1.9367164313763021,0.12396105626974341,4,0.000244140625
4,WindStrongAGN,1.9367164313763021,0.14657069990284274,1,6.103515625e-05
4,WindStrongAGN,1.9367164313763021,0.17330418694772587,9,0.00054931640625
4,WindStrongAGN,1.9367164313763021,0.20491367806472355,16,0.0009765625
4,WindStrongAGN,1.9367164313763021,0.24228852284266275,18,0.0010986328125
4,WindStrongAGN,1.9367164313763021,0.286480282115367,22,0.0013427734375
4,WindStrongAGN,1.9367164313763021,0.3387323141764973,25,0.00152587890625
4,WindStrongAGN,1.9367164313763021,0.4005147573163834,23,0.00140380859375
4,WindStrongAGN,1.9367164313763021,0.47356589293284373,14,0.0008544921875
4,WindStrongAGN,1.9367164313763021,0.5599410529887804,11,0.00067138671875
4,WindStrongAGN,1.9367164313763021,0.6620704478534867,17,0.00103759765625
4,WindStrongAGN,1.9367164313763021,0.7828275415442694,16,0.0009765625
4,WindStrongAGN,1.9367164313763021,0.9256098981416236,21,0.00128173828125
4,WindStrongAGN,1.9367164313763021,1.094434774034195,12,0.000732421875
4,WindStrongAGN,1.9367164313763021,1.2940521455314113,14,0.0008544921875
4,WindStrongAGN,1.9367164313763021,1.5300783519348669,12,0.000732421875
4,WindStrongAGN,1.9367164313763021,1.8091541141862668,4,0.000244140625
4,WindStrongAGN,1.9367164313763021,2.139131375029364,1,6.103515625e-05
4,WindStrongAGN,2.1489405023970094,0.14657069990284274,1,6.103515625e-05
4,WindStrongAGN,2.1489405023970094,0.17330418694772587,1,6.103515625e-05
4,WindStrongAGN,2.1489405023970094,0.20491367806472355,1,6.103515625e-05
4,WindStrongAGN,2.1489405023970094,0.24228852284266275,1,6.103515625e-05
4,WindStrongAGN,2.1489405023970094,0.286480282115367,1,6.103515625e-05
4,WindStrongAGN,2.1489405023970094,0.3387323141764973,2,0.0001220703125
4,WindStrongAGN,2.1489405023970094,0.5599410529887804,1,6.103515625e-05
4,WindStrongAGN,2.1489405023970094,0.6620704478534867,4,0.000244140625
4,WindStrongAGN,2.1489405023970094,0.7828275415442694,1,6.103515625e-05
4,WindStrongAGN,2.1489405023970094,0.9256098981416236,2,0.0001220703125
4,WindStrongAGN,2.1489405023970094,1.094434774034195,2,0.0001220703125
4,WindStrongAGN,2.1489405023970094,1.2940521455314113,1,6.103515625e-05
4,WindStrongAGN,2.3844199429653363,0.47356589293284373,1,6.103515625e-05
4,WindStrongAGN,2.3844199429653363,1.094434774034195,1,6.103515625e-05
4,WindStrongAGN,2.3844199429653363,1.5300783519348669,1,6.103515625e-05
4,WindStrongAGN,2.3844199429653363,2.529294217531704,1,6.103515625e-05
4,WindStrongAGN,2.3844199429653363,18.886090789395336,2,0.0001220703125
4,WindStrongAGN,2.9356174049551083,22.330783785890993,1,6.103515625e-05
4,WindStrongAGN,3.614233127725792,26.4037650805012,1,6.103515625e-05
4,WindStrongAGN,4.937319420189799,26.4037650805012,1,6.103515625e-05
