regime,M,pair,n,pair_balanced_acc_median,pair_balanced_acc_p16,pair_balanced_acc_p84
global,1,C1-C2,50,0.23506030660664856,0.22968211977644787,0.24467379012190363
global,1,C1-C3,50,0.3779382861087088,0.3714388045631875,0.3866922905655912
global,1,C1-C4,50,0.7383229999593832,0.7282015434793471,0.749158891944048
global,1,C2-C3,50,0.3100802442670996,0.30195464154667606,0.31777954369413136
global,1,C2-C4,50,0.7130437540862671,0.7014199274587141,0.7251296867148401
global,1,C3-C4,50,0.7076539569296041,0.7003391135618768,0.7150480120689603
global,4,C1-C2,50,0.3809202528690131,0.36951588258074425,0.3949728709029332
global,4,C1-C3,50,0.4668496101100713,0.44857288135644247,0.48150242466836235
global,4,C1-C4,50,0.8776322599158164,0.8645301249775588,0.8879596457399783
global,4,C2-C3,50,0.4013866742322847,0.38420171147976845,0.4145807961336675
global,4,C2-C4,50,0.8360689335702879,0.8224839447251309,0.859784443857424
global,4,C3-C4,50,0.7669786145867694,0.7507263716506384,0.777227011978682
global,16,C1-C2,50,0.6485636084670076,0.625036390264537,0.6730247023011603
global,16,C1-C3,50,0.5742577293480547,0.5467582754475231,0.59268821756472
global,16,C1-C4,50,0.9624243308037128,0.9512977736464518,0.9724209940951686
global,16,C2-C3,50,0.4863951193276592,0.4591498806551316,0.5198201963398484
global,16,C2-C4,50,0.9362660849135991,0.9121875884430708,0.9517614782844457
global,16,C3-C4,50,0.8388646109562883,0.8048512197393928,0.870469406314749
global,32,C1-C2,50,0.7581990732403276,0.7307816714549541,0.7881011240043906
global,32,C1-C3,50,0.6530954029940645,0.6196648692166894,0.689902375053569
global,32,C1-C4,50,0.9752767543419251,0.9672400877219635,0.9829363953690106
global,32,C2-C3,50,0.5140373773831832,0.470740727854356,0.5537076619264708
global,32,C2-C4,50,0.9718631626739617,0.9532572565713087,0.9858829985803703
global,32,C3-C4,50,0.8958557977147538,0.8587322029163108,0.9334181621154849
global,64,C1-C2,50,0.8749183234668123,0.8311274544395606,0.9045299988326714
global,64,C1-C3,50,0.7787520605023908,0.7376376453710475,0.8364916827572804
global,64,C1-C4,50,0.9894724385906583,0.9784988156992175,1.0
global,64,C2-C3,50,0.5473599816411796,0.507092692002006,0.5882260780398678
global,64,C2-C4,50,1.0,0.9820368475075019,1.0
global,64,C3-C4,50,0.9630508927132184,0.9272114589178461,0.9900312914559891
global,128,C1-C2,50,0.9487990943829006,0.9074818136842105,0.9765217391304347
global,128,C1-C3,50,0.8914410136608671,0.8246329963636363,0.9375000162499898
global,128,C1-C4,50,1.0,1.0,1.0
global,128,C2-C3,50,0.5822370677996889,0.5341180210850159,0.6906923237212614
global,128,C2-C4,50,1.0,1.0,1.0
global,128,C3-C4,50,1.0,0.9746666112000887,1.0
global,256,C1-C2,50,1.0,0.957727319238976,1.0
global,256,C1-C3,50,0.9545455557851732,0.9285714285714286,1.0
global,256,C1-C4,50,1.0,1.0,1.0
global,256,C2-C3,50,0.6810900069444369,0.5941026788888901,0.7980771354166554
global,256,C2-C4,50,1.0,1.0,1.0
global,256,C3-C4,50,1.0,1.0,1.0
per_sightline,1,C1-C2,50,0.23071441179808794,0.2216518071587178,0.23775937678767797
per_sightline,1,C1-C3,50,0.37545207141489123,0.3665248924474862,0.38376500847977774
per_sightline,1,C1-C4,50,0.7389585449390288,0.7322451082996015,0.7501903977137989
per_sightline,1,C2-C3,50,0.30591712332357424,0.29960669930719946,0.31161559373895764
per_sightline,1,C2-C4,50,0.7105377082313827,0.6999097214089834,0.720955779832834
per_sightline,1,C3-C4,50,0.7074691428709426,0.7010217016478166,0.7144916550204164
per_sightline,4,C1-C2,50,0.37912746241952977,0.3707955087437563,0.3943510389890291
per_sightline,4,C1-C3,50,0.46922255178339495,0.45463536947788097,0.48602139191702814
per_sightline,4,C1-C4,50,0.8788838505037726,0.8667089406853292,0.8890323289595384
per_sightline,4,C2-C3,50,0.40078919964868487,0.38379075654604444,0.4167755722571048
per_sightline,4,C2-C4,50,0.8359727335360478,0.8213675590529396,0.8478200304161878
per_sightline,4,C3-C4,50,0.7648536726093886,0.7478758880660753,0.780206426915913
per_sightline,16,C1-C2,50,0.6535854984566227,0.6321852286636276,0.6818099855146854
per_sightline,16,C1-C3,50,0.57057578285806,0.5463427858443506,0.6010935459485525
per_sightline,16,C1-C4,50,0.9630839512337201,0.9501507192301367,0.9743101715354956
per_sightline,16,C2-C3,50,0.4900567726618918,0.4651850076539349,0.51573152616535
per_sightline,16,C2-C4,50,0.9336166081902568,0.9162927963966755,0.9476546037693205
per_sightline,16,C3-C4,50,0.834390259655346,0.8079655306634472,0.8643249723211766
per_sightline,32,C1-C2,50,0.7754269032411073,0.7476649449267145,0.8131772379389691
per_sightline,32,C1-C3,50,0.6546093356187535,0.6222049717496153,0.6894108755441064
per_sightline,32,C1-C4,50,0.9765969737665021,0.9651982044730775,0.9885518020502141
per_sightline,32,C2-C3,50,0.5170252405050813,0.47438987265795685,0.5567226724853273
per_sightline,32,C2-C4,50,0.967949482381752,0.9497589079122195,0.982953244434484
per_sightline,32,C3-C4,50,0.8909640178434132,0.8523965011849964,0.9241020898965344
per_sightline,64,C1-C2,50,0.8800975027997453,0.8419306645805094,0.9068601583240113
per_sightline,64,C1-C3,50,0.8024304248033672,0.7406789863540932,0.8396003130206902
per_sightline,64,C1-C4,50,0.9893615969895935,0.9781834049516286,1.0
per_sightline,64,C2-C3,50,0.5531350311515012,0.5009931643149994,0.601303267343648
per_sightline,64,C2-C4,50,1.0,0.9799998263039985,1.0
per_sightline,64,C3-C4,50,0.9523806054424246,0.9255837842586786,0.9898284870022837
per_sightline,128,C1-C2,50,0.9473684390581775,0.9166666281481654,0.9775757178535387
per_sightline,128,C1-C3,50,0.8886506179213317,0.8363186081005073,0.9353333264000951
per_sightline,128,C1-C4,50,1.0,1.0,1.0
per_sightline,128,C2-C3,50,0.6090864792000117,0.540106869796918,0.6745961850246445
per_sightline,128,C2-C4,50,1.0,1.0,1.0
per_sightline,128,C3-C4,50,1.0,0.9731888041086064,1.0
per_sightline,256,C1-C2,50,1.0,1.0,1.0
per_sightline,256,C1-C3,50,0.98076925,0.9165737213223125,1.0
per_sightline,256,C1-C4,50,1.0,1.0,1.0
per_sightline,256,C2-C3,50,0.67788475,0.5988465295833175,0.763846395833327
per_sightline,256,C2-C4,50,1.0,1.0,1.0
per_sightline,256,C3-C4,50,1.0,1.0,1.0
